Name,RotP
HD 101,9.95989663414209
HD 189,
HD 200,3.419254225258724
HD 268,2.5202940690023934
HD 276,3.938551636151851
HD 285,6.12535256245051
HD 291,5.498730248537316
HD 307,2.308005620033163
HD 330,0.8692065538453605
HD 334,2.4768732437830425
HD 373,4.081714720196221
HD 427,3.394282193585367
HD 439,2.955056045996834
HD 447,3.6461235589800665
HD 466,0.41603056644729464
HD 578,4.233053713500504
HD 604,2.32968154450867
HD 610,4.524946383441675
HD 615,
HD 633,3.761529474437057
HD 732,5.196358564877475
HD 852,1.0456986578175491
HD 903,2.2327968152535256
HD 949,1.9581763011584568
HD 975,6.072590311057967
HD 1000,5.196372843987041
HD 1004,3.3942315312702336
HD 1047,4.057850178073063
HD 1101,3.896908681887375
HD 1184,11.247594638442768
HD 1343,4.380336282443047
HD 1418,
HD 1455,5.328320990659327
HD 1497,1.6656958603191172
HD 1513,1.4864047988176647
HD 1557,3.9868463632439046
HD 1603,2.8974963747863782
HD 1674,9.535591262721576
HD 1683,5.40112644544251
HD 1686,3.830332346608969
HD 1689,4.07404746466023
HD 1764,4.0576822685331075
HD 1778,2.2032366419028366
HD 1828,3.4944314445900924
HD 1832,10.47539916161008
HD 1856,0.7013767146461893
HD 1898,3.6191638849452685
HD 1980,5.959053455987134
HD 2021,1.3901673017064202
HD 2121,3.571137890756084
HD 2302,2.9129070427629378
HD 2305,2.9292737988546595
HD 2330,2.9872758757634346
HD 2361,3.8974290985192805
HD 2564,1.8821244702873299
HD 2611,4.132062599614639
HD 2615,2.5202964664779137
HD 2663,7.149463072358691
HD 2694,
HD 2719,4.824753884476414
HD 2730,3.7410742221950906
HD 2783,1.0798587400336943
HD 2827,3.1602985203037672
HD 2916,0.8745510997320352
HD 3079,0.3481328213919991
HD 3089,5.199839194111947
HD 3092,5.196325552628426
HD 3149,3.1923702465716937
HD 3161,9.882005915875446
HD 3255,2.6006427931041416
HD 3268,9.478922947313581
HD 3294,4.975248361258107
HD 3296,2.357094375396673
HD 3338,1.0016332004020407
HD 3398,3.3727646168880923
HD 3506,3.782998335163492
HD 3532,1.8895745724467004
HD 3560,4.665587254975455
HD 3598,2.5674944092176135
HD 3621,0.06897012149354174
HD 3674,3.951261881758295
HD 3685,2.9807853908425086
HD 3689,8.014360194194978
HD 3708,2.3570894502073485
HD 3726,2.2007189589942926
HD 3735,1.6436250226359794
HD 3737,0.0076636273023587345
HD 3770,5.628316466467364
HD 3790,2.4291596686579697
HD 3835,7.840537584801367
HD 3861,19.220527777805856
HD 3888,1.8676093908042284
HD 3894,1.9853737380474614
HD 3914,5.720518476745981
HD 4025,0.008154311385584808
HD 4140,3.480487919039398
HD 4219,5.628305278455326
HD 4295,3.455305574505659
HD 4304,3.088262794608945
HD 4309,4.909552433750312
HD 4322,1.3227896092990896
HD 4607,5.332314933155077
HD 4702,5.45008281090765
HD 4756,4.648907407340108
HD 4766,5.622645665361224
HD 4785,2.955064953734563
HD 4863,5.121027671768413
HD 4903,5.277977857737336
HD 4982,0.9474318609774813
HD 5028,1.4218585706021374
HD 5036,4.026918955161398
HD 5057,2.8152318042040023
HD 5080,5.8632980107156385
HD 5224,1.5028453414792353
HD 5278,0.4953910325657611
HD 5308,3.1603363628386836
HD 5311,2.720413484362605
HD 5376,4.824814782592063
HD 5379,1.2194080530316025
HD 5388,1.6051045769475711
HD 5435,1.2485349871274292
HD 5442,5.628348063380905
HD 5444,0.02203592004493425
HD 5453,4.222075911466899
HD 5510,5.196337862090354
HD 5591,5.959060914247177
HD 5600,2.929308732878505
HD 5651,8.917387452938065
HD 5703,4.245787075954967
HD 5728,1.7427215061700494
HD 5892,14.606478503338836
HD 5915,1.0246555831280288
HD 5982,2.801408678815327
HD 6060,2.1289006880430903
HD 6225,5.720583991904789
HD 6338,0.19403378722455067
HD 6374,4.395411562914489
HD 6444,2.0997669326099726
HD 6544,7.263447436194403
HD 6566,1.3957227085374437
HD 6583,1.0188533991647406
HD 6834,3.116046442094421
HD 6847,4.169873916084726
HD 7089,2.9373617586896996
HD 7193,3.9543140743199614
HD 7228,6.043747052882859
HD 7238,2.1888461044489733
HD 7257,2.895657538139885
HD 7284,7.149418402111619
HD 7334,4.426408867463811
HD 7442,1.40189980563699
HD 7449,5.33238209020516
HD 7458,8.322877135084635
HD 7463,6.562416914271382
HD 7616,3.2477080345550924
HD 7747,4.563216326744561
HD 7775,11.248126297678656
HD 8070,1.6089980811708526
HD 8083,5.62841805924766
HD 8117,1.8533262823210943
HD 8178,5.391519683351566
HD 8241,5.71464944892906
HD 8248,2.6595580702772295
HD 8316,5.489551814969773
HD 8408,6.092226957620739
HD 8483,8.439365487683082
HD 8523,79.73302684489929
HD 8574,10.701409890018672
HD 8581,3.4944605657093906
HD 8673,2.813213088534326
HD 8710,0.9675511057574524
HD 8745,4.792893854044295
HD 8774,1.9247002928650065
HD 8786,4.999866760614737
HD 8907,3.1030300033748746
HD 8941,3.4232999814907554
HD 8985,3.7531906931788255
HD 8995,4.979361521181354
HD 9061,2.357122476862295
HD 9091,9.479024698602535
HD 9305,4.999854080016849
HD 9386,2.622093471036176
HD 9389,2.501469400596709
HD 9403,4.05324149879904
HD 9449,1.9533443332597518
HD 9468,2.1287360308481325
HD 9666,3.3547329801675225
HD 9670,2.8153170693715146
HD 9769,2.73921063271009
HD 9782,5.332394001548998
HD 9895,2.252364603660923
HD 9934,1.1383883957649605
HD 10007,4.579704686106757
HD 10037,4.605673147959045
HD 10039,3.0710461099122224
HD 10183,0.7115332731730882
HD 10195,5.060997678273215
HD 10211,4.515554281904431
HD 10556,4.561274002601444
HD 10711,3.9401824586221195
HD 10766,3.178993365677962
HD 10844,7.131602061196868
HD 10874,4.051342302131624
HD 11042,2.008892957544151
HD 11107,2.815282828715166
HD 11114,8.027997557238976
HD 11119,1.0090860246208606
HD 11152,0.6864152576880234
HD 11166,6.376659666596817
HD 11274,1.369880981541914
HD 11348,3.5819142002674598
HD 11379,5.332356650378372
HD 11459,4.222073090657516
HD 11474,4.71954629814363
HD 11592,3.199050029131854
HD 11699,5.817362892049734
HD 11907,4.5393423125355925
HD 11963,3.4817865647666553
HD 12214,0.0037287947551897177
HD 12273,3.1862682952788535
HD 12277,1.6089785506103274
HD 12371,4.222105423812921
HD 12413,2.296807650542547
HD 12414,4.549611650335076
HD 12436,5.35763471997004
HD 12460,4.708157928400283
HD 12482,5.459702113158373
HD 12600,5.065903921563752
HD 12640,5.9015459771811525
HD 12680,5.714706573127999
HD 12681,2.270591801592393
HD 12741,7.787236857357726
HD 12745,5.066001317428365
HD 12951,2.5628066011593527
HD 12979,4.405496915074566
HD 13026,4.382302617631015
HD 13076,3.562986429189403
HD 13131,0.003083079139325534
HD 13133,4.824797520776789
HD 13201,6.544328389761149
HD 13239,1.2213694128824903
HD 13289,2.4075799252787067
HD 13364,2.1671796311839575
HD 13540,5.499166770149472
HD 13609,3.7069667796118413
HD 13722,1.0139795309509854
HD 13829,3.4319021199472446
HD 13847,9.205628030073294
HD 13908,5.459734861690708
HD 13914,3.9431139549744714
HD 14119,8.439327220830759
HD 14196,4.824798588485508
HD 14285,1.3698824258064335
HD 14294,8.439386053259426
HD 14338,8.379753725482988
HD 14348,5.123200544379314
HD 14379,6.835570151421984
HD 14414,9.6200594086232
HD 14448,3.434674364493466
HD 14516,1.4183211088205203
HD 14552,3.1224185033059575
HD 14642,6.3312005713754935
HD 14701,2.4132321306989786
HD 14705,2.6108702375715658
HD 14727,5.278004120258683
HD 14836,0.8739916358671429
HD 14907,1.903179625477029
HD 15029,6.550405814238337
HD 15047,4.8249076162883595
HD 15048,5.959208298869761
HD 15060,5.332297796599988
HD 15097,6.641232289389662
HD 15209,5.329875790473389
HD 15272,4.937241857099899
HD 15381,1.139709023237567
HD 15382,2.0479680464937338
HD 15394,2.4720828020289902
HD 15456,0.6299000153025627
HD 15481,2.2523930920795405
HD 15494,4.872301486665739
HD 15563,5.905806640722692
HD 15579,0.09423629151293497
HD 15773,9.205490834864912
HD 15784,4.415322115452504
HD 16067,7.267152938013471
HD 16086,11.360033952672945
HD 16095,0.016382257898672446
HD 16118,9.205667201839251
HD 16241,3.8974343147639927
HD 16377,2.1865851354983423
HD 16427,5.401045995200602
HD 16556,2.790832199998561
HD 16610,5.500170849402585
HD 16626,3.0673773983823818
HD 16707,2.7705909599318645
HD 16785,4.824918430912479
HD 16878,0.006189761457144028
HD 16933,5.099412535390115
HD 16941,4.829912846645638
HD 16963,9.055735694600886
HD 17030,100.0
HD 17055,4.070070536931792
HD 17070,1.3886212264771653
HD 17147,4.3724358912459245
HD 17207,4.8723237041054945
HD 17290,5.925735152325003
HD 17331,5.123226431644209
HD 17399,4.605688426911021
HD 17530,0.5448029333618184
HD 17548,3.3495660575383654
HD 17631,3.4448829483531593
HD 17639,1.4895631462627075
HD 17702,3.3780732258891706
HD 17865,0.15361707031295946
HD 17884,5.491722474080585
HD 17926,3.0969823834581107
HD 18031,4.065847942453055
HD 18139,5.078693958073601
HD 18180,2.4152353961940363
HD 18229,2.1970456081969427
HD 18456,3.339700051924932
HD 18508,1.4352956371696053
HD 18568,1.9321854421193898
HD 18579,2.465308886865583
HD 18617,100.0
HD 18618,3.621865528461305
HD 18743,11.334848851550527
HD 18754,4.3797205254443305
HD 18766,5.307719355732022
HD 18768,6.880159170242236
HD 18819,5.0572457940456434
HD 18831,1.5859797539598797
HD 19029,5.332379980807775
HD 19126,8.439320162751283
HD 19184,4.050963929272136
HD 19254,6.753008714163521
HD 19350,2.952355247950204
HD 19376,5.262910647631391
HD 19381,5.884603016574679
HD 19603,3.10986316489383
HD 19649,1.1220492670934543
HD 19715,3.429305912519458
HD 19773,100.0
HD 19864,16.291391387767018
HD 19879,1.9472076742731532
HD 19889,3.443499774140999
HD 19916,5.065937437132091
HD 20029,7.884326053513875
HD 20052,5.628317487498508
HD 20111,1.5235753505767817
HD 20112,5.6836506892664
HD 20201,2.6590015283583237
HD 20205,4.219985591163829
HD 20209,4.855495287043199
HD 20259,3.095426607645628
HD 20327,2.8507264119008413
HD 20335,6.224985398255792
HD 20367,4.662610841155493
HD 20390,7.533055850323483
HD 20542,13.829077375707596
HD 20584,3.173907793696219
HD 20703,3.427579810809715
HD 20713,8.718415674242308
HD 20737,10.620953846198171
HD 20811,0.6349503212954177
HD 20889,4.053241971527682
HD 20904,5.065029857649362
HD 20958,5.628303236361993
HD 21106,12.184308882751257
HD 21132,10.40800936842695
HD 21216,1.6117047450316866
HD 21272,2.650649100201611
HD 21589,1.0827476767090354
HD 21618,3.3677276819573922
HD 21626,6.032155546037586
HD 21651,0.8433071390725021
HD 21654,5.2629409408339445
HD 21667,
HD 21804,11.268463338004656
HD 21899,4.705633524948558
HD 21922,10.234360140617381
HD 21962,30.69307476453019
HD 22044,2.942020167507802
HD 22173,3.4327896358317944
HD 22255,8.909238166779295
HD 22257,2.706735561407954
HD 22292,3.5382215742698437
HD 22328,28.246029776318895
HD 22439,0.20186986746963986
HD 22451,4.868675202894808
HD 22474,7.839632606554702
HD 22514,4.405567668935461
HD 22527,5.628302969661247
HD 22596,4.86704486078182
HD 22729,3.0181989035883845
HD 22732,7.305390626166686
HD 22842,5.622683613392162
HD 22865,8.988305365927753
HD 22872,3.5573683044921824
HD 22952,2.8911200528881875
HD 23041,41.47160893469979
HD 23079,100.0
HD 23148,4.35845804379507
HD 23438,4.349075566590877
HD 23456,3.4309265231722206
HD 23596,6.501825840480585
HD 23609,11.23190819409477
HD 23623,2.9680432056693364
HD 23820,2.4409691013431463
HD 23965,4.938681721115484
HD 24112,5.238472344052666
HD 24115,2.5628364562195673
HD 24159,100.0
HD 24163,2.9533227658714827
HD 24326,3.7537752729278626
HD 24374,5.9972696618793675
HD 24390,4.079751343681829
HD 24421,2.704850940437565
HD 24426,1.1019011522655766
HD 24443,4.230893280175397
HD 24649,1.708025437986417
HD 24650,6.1254980310593625
HD 24664,6.834680343400296
HD 24672,3.0268415717869273
HD 24674,3.2527864835180313
HD 24755,2.970731080809368
HD 24779,1.277570417628809
HD 24976,3.0902059941187336
HD 25054,3.3677640242718163
HD 25153,5.750001730679329
HD 25166,0.004715401554042559
HD 25169,0.0032611961942308845
HD 25171,2.008881906582073
HD 25173,2.210658121503608
HD 25277,2.839523679915906
HD 25292,5.631453127325067
HD 25311,9.967875834291721
HD 25333,4.079761844333942
HD 25401,7.385907942429496
HD 25463,6.020191056539966
HD 25473,3.9795651335284314
HD 25522,100.0
HD 25587,5.728088586157159
HD 25697,1.5034858035550691
HD 25782,0.009264607356036814
HD 25953,1.9713995412618137
HD 25983,4.8560928715822245
HD 26054,8.334351291022264
HD 26244,5.77003240618948
HD 26246,4.867091894205842
HD 26279,0.4020034309284983
HD 26292,5.750005266006295
HD 26370,1.0568484368595088
HD 26417,2.956353607429245
HD 26519,3.16812489775591
HD 26665,4.6057613115978855
HD 26720,5.749437249283481
HD 26784,1.904208388846272
HD 26822,3.2674905884871452
HD 27110,3.6681497036794184
HD 27127,4.962433165707393
HD 27157,3.4567350858319794
HD 27170,0.012961925434925973
HD 27212,3.2883244625513512
HD 27231,3.0289806538414528
HD 27291,2.076363139363378
HD 27305,4.835335144004611
HD 27353,6.022019830611902
HD 27415,3.5711622347326726
HD 27500,2.1584191183819827
HD 27523,1.9172500872996052
HD 27553,3.1092005741106035
HD 27561,46.983733785644574
HD 27808,4.108143338407729
HD 27887,0.5185224805744121
HD 27911,2.170926802989577
HD 27927,4.690340556190273
HD 28073,4.113766303248104
HD 28097,5.631490139869692
HD 28122,2.5355913874636755
HD 28160,0.002777771744731561
HD 28181,4.550056734271179
HD 28218,9.009598270961748
HD 28237,4.550546090674599
HD 28246,1.3784622715237675
HD 28264,4.690348259327586
HD 28395,5.569207324382515
HD 28428,5.770120348879441
HD 28453,5.74793326434416
HD 28474,1.5588900945866182
HD 28483,1.735613900888169
HD 28579,9.46223252844967
HD 28608,2.0665947515727896
HD 28610,2.956382603412804
HD 28620,10.2343376852572
HD 28676,0.2452220829656224
HD 28772,5.622350220726488
HD 28807,4.690364556508507
HD 28826,5.76026239693582
HD 28877,5.167107768648197
HD 28880,9.009613927000025
HD 28981,4.369973762385964
HD 29146,3.6432031616223615
HD 29178,5.760263419043824
HD 29214,5.389280059783905
HD 29239,1.6583374612528363
HD 29255,5.401070728273969
HD 29284,10.21162481715798
HD 29302,2.0544623708397256
HD 29307,1.450457951238824
HD 29420,0.5136425664028396
HD 29427,2.8921935106638483
HD 29445,0.003588449486479093
HD 29486,7.251941767580709
HD 29497,4.550568377374428
HD 29502,5.5616120205693225
HD 29521,4.893491718120127
HD 29532,5.196378003954823
HD 29537,0.32613399675465565
HD 29581,3.55480137480926
HD 29745,16.090951032155097
HD 29786,100.0
HD 29881,2.2977516139485545
HD 30053,5.959271147438872
HD 30149,2.623586066658249
HD 30157,7.03432760047038
HD 30316,0.004305373643964045
HD 30369,4.096961007568198
HD 30388,4.745793813319802
HD 30418,2.9176156750812914
HD 30467,44.6233537213145
HD 30483,30.913250807818407
HD 30589,3.75427232466646
HD 30617,7.268617141409696
HD 30692,2.7628547254769016
HD 30736,5.389327037231613
HD 30743,8.414863559203322
HD 30757,4.873122133928696
HD 30809,44.623352542442035
HD 30944,100.0
HD 31081,3.2899665039285813
HD 31128,0.003337514142949964
HD 31138,100.0
HD 31153,57.32014273787452
HD 31193,0.0028372436104795932
HD 31253,6.345062628933638
HD 31307,
HD 31354,0.0031770832829933304
HD 31409,5.672434000640971
HD 31423,1.6655238194576176
HD 31574,1.8738800202179358
HD 31577,0.15391653007639158
HD 31608,5.75120453127441
HD 31781,1.0839433335024085
HD 31930,2.4288960314336445
HD 31975,0.11603389691216744
HD 32152,1.2193975865804059
HD 32154,3.6205844730072405
HD 32169,2.2755415404576076
HD 32205,5.523960696520101
HD 32210,4.742615991645259
HD 32274,4.243294935739658
HD 32287,5.771825250572841
HD 32292,0.03162575446387
HD 32326,2.7841549953213507
HD 32488,5.4926744498848
HD 32508,3.459318368535205
HD 32590,1.3886465352966026
HD 32715,1.8109384662208083
HD 32820,5.052949400910106
HD 32913,5.523984533162561
HD 32994,5.518922977437347
HD 33008,1.5246924764189307
HD 33081,7.898224983920439
HD 33098,1.0444199793809401
HD 33202,3.691041446061361
HD 33208,7.028063998189314
HD 33245,4.053065974318901
HD 33252,8.57334924580496
HD 33269,5.130188814056995
HD 33313,2.780991969014023
HD 33476,6.225059776344574
HD 33485,3.5015862303365757
HD 33503,3.699992541210551
HD 33514,5.332435673260746
HD 33649,1.9760718686092567
HD 33673,2.38676299676772
HD 33693,6.669677312889356
HD 33924,2.257173582682746
HD 34002,1.84900568365434
HD 34012,2.776279754171413
HD 34135,4.277525389572054
HD 34415,1.0596578452980414
HD 34554,3.8714563606038563
HD 34570,0.006295329855449313
HD 34634,6.822763244885718
HD 34652,1.5383789143428284
HD 34704,3.359780824434919
HD 34745,4.138296789455045
HD 34781,0.003342307456498205
HD 34894,2.762888127809939
HD 34905,6.161281544811309
HD 34907,2.38677165005184
HD 35147,13.446395426829852
HD 35216,6.3372865162583265
HD 35241,5.812362593425012
HD 35270,6.370244013161742
HD 35421,1.9409831829106727
HD 35627,8.317065447492064
HD 35638,4.714822097806301
HD 35643,0.8391763102900643
HD 35660,0.17931266354568545
HD 35689,3.0164542877502725
HD 35783,4.488621532693341
HD 35863,3.4364663449186335
HD 35864,1.269274853678467
HD 35887,6.669703710181768
HD 36008,5.16202545868232
HD 36051,8.317133577391033
HD 36108,3.4299301312594017
HD 36300,2.4143530804781927
HD 36407,5.481588660268739
HD 36522,11.217535117596535
HD 36548,0.005230871604416565
HD 36643,5.239262274501912
HD 36667,2.5877683085823793
HD 36724,2.951173361960256
HD 36756,3.4593464563978973
HD 36767,4.714914530148613
HD 37003,1.156991447558306
HD 37030,3.9908668815381354
HD 37053,3.735202611848945
HD 37097,5.02290824631622
HD 37254,0.04456231863549525
HD 37282,9.413642572805717
HD 37395,0.9516580824506489
HD 37420,3.6412731260786173
HD 37423,4.12435235486933
HD 37516,2.8761712431174398
HD 37574,4.752886691130409
HD 37588,8.027847749719546
HD 37610,6.766273589661595
HD 37613,2.5846737548740593
HD 37648,1.9869966908732204
HD 37689,1.6724827157735018
HD 37705,5.418976574246735
HD 37848,4.339004800205004
HD 37879,7.599259935598849
HD 37990,7.726804712917402
HD 38141,2.1483709425026234
HD 38278,6.3703054904203995
HD 38283,2.347067441920571
HD 38294,3.2899451406855365
HD 38374,3.526319512197337
HD 38396,3.3924816964428817
HD 38510,0.05525630862645107
HD 38677,6.370310418053065
HD 38722,6.836646863830426
HD 38772,9.81728419313572
HD 38779,0.5256667925964165
HD 38827,0.2015593728402515
HD 38940,4.714892853335243
HD 39076,6.241098379982023
HD 39192,0.17012745190308812
HD 39197,3.288208641683188
HD 39513,4.519148021078949
HD 39888,1.3764313807698978
HD 39932,5.732820478897639
HD 39981,5.958793603914514
HD 39987,4.000756618878418
HD 40001,5.074419925788079
HD 40125,6.01817064601906
HD 40126,3.0164733531347387
HD 40170,1.9068641192004603
HD 40184,6.836666699369031
HD 40300,3.742361544765979
HD 40379,4.018672954450175
HD 40483,2.526435664355977
HD 40488,3.997083160332
HD 40507,3.363327203412975
HD 40530,2.45770617464198
HD 40567,7.6671562117406475
HD 40590,5.546659568926925
HD 40673,7.214737652720593
HD 40832,5.530977109577634
HD 40852,4.519170407585998
HD 40858,3.9908846922877217
HD 40930,5.292877369972676
HD 40979,7.686919406681383
HD 41062,0.00551887657901129
HD 41149,10.790444712524502
HD 41158,7.187898864377687
HD 41278,0.7118241389202106
HD 41304,3.054779351703783
HD 41311,3.4643693575905625
HD 41476,5.358324530579266
HD 41576,0.12096039147207449
HD 41712,2.414367684241578
HD 41779,4.174544373066815
HD 41804,4.34057682189968
HD 41981,12.484829005216856
HD 41988,3.3860193130604053
HD 42065,4.384424285382763
HD 42067,2.199345969799904
HD 42190,1.7776184270646471
HD 42278,3.464369134886901
HD 42390,6.083485283975064
HD 42538,4.172743434458575
HD 42548,3.0547892765528544
HD 42625,2.7155096613653362
HD 42820,9.360350425163551
HD 42853,4.33906454795371
HD 42958,6.067705543566122
HD 42963,2.6209827797401277
HD 43144,4.303374123242978
HD 43167,9.882055119292213
HD 43382,5.445534434095771
HD 43452,3.193476112505338
HD 43470,4.714924994927092
HD 43621,1.2148520074113134
HD 43641,0.004010554639054345
HD 43701,9.882006820738647
HD 43806,4.519197400537417
HD 43921,2.471937177211794
HD 43926,0.9433186399485225
HD 43947,6.370384363097491
HD 44016,6.17322113852749
HD 44268,2.2706403486009576
HD 44297,2.111624771820597
HD 44300,1.030699594648403
HD 44590,3.289995747253434
HD 44623,2.6443282212147943
HD 44663,5.419058841926763
HD 44836,11.846156039956172
HD 44898,4.714940081215459
HD 44985,5.70294510627279
HD 45004,12.755864038490543
HD 45504,4.065298816725544
HD 45595,4.2019591012058175
HD 45654,5.162100660110604
HD 45738,4.339084438019402
HD 45743,2.6152411518240632
HD 45753,2.1460692787233118
HD 45759,3.5016527639135036
HD 45767,4.817282149915082
HD 45895,1.446166170423297
HD 46214,2.3470927077679553
HD 46317,1.410138386179724
HD 46335,3.1096666443501126
HD 46601,0.1185986234636607
HD 46688,1.2621351964792809
HD 46719,5.419083296504281
HD 46828,5.108129953592426
HD 46836,5.702969721217234
HD 46872,2.6443409721216904
HD 46918,4.714954055018852
HD 47232,1.007153688554004
HD 47381,5.782947041791533
HD 47522,2.1816567287128663
HD 47619,5.702980957786351
HD 47699,2.5628438487480714
HD 47748,3.34695573452069
HD 47855,5.2815879581805465
HD 47962,5.795574779487715
HD 48286,9.71979051020235
HD 48332,2.526473229613148
HD 48389,3.43430979522694
HD 48391,3.7260500536801526
HD 48506,6.4771351112096
HD 48527,9.055564651141097
HD 48568,1.0229851601510398
HD 48647,1.9488815480996058
HD 48858,3.3925404494287785
HD 49011,10.684484126730528
HD 49042,4.018744997235526
HD 49083,1.3384286930792801
HD 49197,2.42265813604876
HD 49301,13.4587049881445
HD 49525,4.410598074537967
HD 49565,2.858135020881327
HD 49700,5.318444549223212
HD 49732,9.882100709907021
HD 49736,16.877406269329235
HD 49801,2.668284389919885
HD 50060,0.16467165877236137
HD 50078,7.2148678604067
HD 50099,2.414405582608461
HD 50313,9.882093217323911
HD 50476,5.4116416852063045
HD 50554,100.0
HD 50639,2.649462690850362
HD 50688,6.477143897887726
HD 50867,9.71982031546883
HD 50959,5.703020569303601
HD 51370,3.3469656279225473
HD 51434,5.419120331271235
HD 51471,2.7371859976026576
HD 51485,1.1014892085172818
HD 51930,3.346977020739323
HD 52298,3.8756793727398637
HD 52299,1.7942822378567518
HD 52395,6.067830129416693
HD 52449,8.503150817374499
HD 52496,2.723521013121564
HD 52516,6.3704910082821975
HD 52552,3.2639575146376987
HD 52651,3.9629152959651432
HD 53133,2.6412528576969136
HD 53279,5.4825896411395725
HD 53411,11.628739932520372
HD 53440,5.703032113531825
HD 53466,5.622796712580721
HD 53545,0.023252958051345307
HD 53566,2.424305990784202
HD 53658,2.743755424192493
HD 53665,3.03979100683236
HD 53698,4.491475294905116
HD 53842,1.589986183005793
HD 54182,3.526378925735761
HD 54405,5.21345473922904
HD 54616,4.140742642743459
HD 54691,2.5099450132767176
HD 54717,2.0146707346871104
HD 54777,1.1821322359476032
HD 55054,4.566535067913385
HD 55403,1.7019669528039352
HD 55437,2.1428468156978044
HD 55674,6.642088980359186
HD 56325,3.263975095124136
HD 56329,4.18334611040095
HD 56354,0.0675056419208026
HD 56737,6.224965760547708
HD 56803,12.5531767354476
HD 57262,3.037912988537467
HD 57334,3.875701105235083
HD 57589,2.2184707828271857
HD 57844,4.003142032137901
HD 58015,4.491513906982575
HD 58183,4.0719796490130085
HD 58192,5.0477537595289315
HD 58549,5.896706836021153
HD 58551,4.2987664005411075
HD 58618,1.5689840021892993
HD 58800,4.0098678612815055
HD 58805,6.070390061841278
HD 58943,7.187799363708565
HD 59090,3.279935482768182
HD 59128,2.1000399527086104
HD 59305,3.3781204829207754
HD 59331,0.9311842801541803
HD 59374,0.0037214827951236383
HD 59377,3.466194957856871
HD 59641,4.647191467705359
HD 59750,4.575893298017037
HD 59762,5.643766768879563
HD 59842,4.6628103574572615
HD 59923,9.88222176718694
HD 59980,5.7612804165522
HD 60290,4.742516281827222
HD 60319,3.642008586026573
HD 60353,7.465199190173399
HD 60406,1.9842905897132244
HD 60614,2.378887666859425
HD 60618,9.882264332011783
HD 60674,3.938554304923423
HD 60846,0.0028627059371237264
HD 60912,2.1116691410450614
HD 61295,0.11724991378503298
HD 61430,3.02588498543214
HD 61518,1.5631302875834046
HD 61602,4.447308474989534
HD 61883,3.4343458195420196
HD 61902,3.0029520874288504
HD 61989,2.365555833103939
HD 61997,3.7531069826212944
HD 62094,1.2148671285201516
HD 62279,3.471398190833766
HD 62296,5.440560178800783
HD 62301,1.8345944126149905
HD 62364,2.881079566853339
HD 62728,2.4409897183447953
HD 62816,3.1080695038718384
HD 62854,1.8451837388832095
HD 62946,5.896726832386449
HD 63045,3.198924445092495
HD 63086,4.715015870921031
HD 63123,1.8986923718762556
HD 63333,9.179005164118342
HD 63646,5.9518117699263335
HD 63653,5.494107106356471
HD 63675,1.9035324151119095
HD 63738,13.151503777053831
HD 63748,9.882161862417165
HD 63835,2.3789001718357587
HD 64021,1.9647212746553668
HD 64122,2.1105964218939723
HD 64142,1.7533438993177801
HD 64250,1.1821367263387552
HD 64389,6.173420371552679
HD 64467,3.347049702968082
HD 64913,9.882293119487219
HD 65134,1.737225297608637
HD 65524,5.151050303362127
HD 65664,11.628921025814325
HD 65951,4.164657183116333
HD 66015,3.6521784701115485
HD 66168,5.419127197805422
HD 66242,2.341351538185806
HD 66771,5.489487586371917
HD 66922,4.959960494534136
HD 67009,5.896804973030824
HD 67087,4.817437751500331
HD 67146,0.9914135015617137
HD 67150,4.256429417166727
HD 67200,2.2705819928682236
HD 67346,5.40679885658728
HD 67369,0.0077895779331591634
HD 67481,0.8157382961443762
HD 67517,2.903867891422901
HD 67556,2.4617201124475607
HD 67585,5.367096951035609
HD 67707,3.4343419026208113
HD 67789,4.412912413384669
HD 67816,8.777747229803694
HD 67893,1.345912314443262
HD 67935,11.628909573929866
HD 68284,2.4345911796511888
HD 68287,3.25989384600933
HD 68391,3.6597573044163805
HD 68481,3.3470129393624894
HD 68676,6.36086349356925
HD 69333,1.7167542456720457
HD 69713,3.5264422106475934
HD 69752,1.9971685991129629
HD 69892,3.263986855929508
HD 70038,4.276481501427424
HD 70298,3.1496194154288517
HD 70312,2.9038582874888133
HD 70499,1.0061529780017846
HD 70534,2.100075648254124
HD 70588,5.111080112835222
HD 70626,3.8347327834822305
HD 70843,25.37329927835295
HD 70862,4.427867165756153
HD 70870,0.11123607958510785
HD 70889,13.063709913258995
HD 70896,4.519257533379403
HD 70954,1.9843160121229724
HD 71053,16.446909292721568
HD 71142,8.446729709340548
HD 71222,3.263985553735932
HD 71252,1.1493557132330183
HD 71277,1.0910909273912188
HD 71399,1.6633304406146847
HD 71407,2.256239965303775
HD 71640,7.09950198574374
HD 71713,1.9469219749900304
HD 71755,6.180646037591074
HD 72172,2.1367922963057886
HD 72266,0.12808227369800862
HD 72528,10.003761169633886
HD 72780,4.662850694828625
HD 72854,0.7954940334513593
HD 73121,0.5359534249049765
HD 73145,3.1518786902303497
HD 73217,1.306384259761106
HD 73301,13.211213082064802
HD 73344,8.465321936888419
HD 73400,5.963450362588567
HD 73465,1.411013704845565
HD 73504,2.4724350267937116
HD 73736,1.1892345066140615
HD 73835,11.093156425617536
HD 74011,11.055033301299957
HD 74360,12.88696123070562
HD 74361,3.6646145187130883
HD 74546,2.1240669334377587
HD 74704,2.0001182442412584
HD 74868,2.9711295376297944
HD 74894,2.8531732313138467
HD 75289,2.3776652692283107
HD 75320,3.8764427859644726
HD 75328,0.007782732482447309
HD 75370,1.7654365155649252
HD 75487,4.07205502955399
HD 75596,3.5902864119971003
HD 75615,3.434401167265648
HD 75616,4.202107891243891
HD 75653,1.9345258543183534
HD 75719,2.7839802318494535
HD 75775,13.08279052413514
HD 75786,4.78048228877641
HD 75881,5.6822644850626975
HD 75908,3.200252052778131
HD 76102,4.426381002262383
HD 76116,11.051539892501347
HD 76188,3.559906633491578
HD 76272,5.000499433178107
HD 76300,2.9204927364389923
HD 76318,1.0407537499406878
HD 76333,100.0
HD 76350,100.0
HD 76601,10.647907880685645
HD 76735,1.581153254480788
HD 76766,2.4693511509539903
HD 76910,2.991737991727037
HD 76913,2.791828872246454
HD 77092,1.8628564677983201
HD 77134,4.429054491330221
HD 77165,3.0741356792495482
HD 77408,6.398629561559014
HD 77556,4.818028606276892
HD 77724,4.072018813752122
HD 77832,1.5185434268089943
HD 77836,10.17973905692131
HD 77967,4.818042360124221
HD 77999,1.310739441462071
HD 78091,100.0
HD 78138,1.448309068980174
HD 78252,4.594485864107566
HD 78255,3.232994026426024
HD 78274,4.817397651349301
HD 78301,4.118651780213157
HD 78364,2.781148736119038
HD 78388,0.11083293391038213
HD 78413,0.6093880626333186
HD 78543,1.6645350804002843
HD 78737,7.94693157619999
HD 78777,3.2330041080568233
HD 78820,4.647276089989265
HD 78971,4.590232007018966
HD 79337,2.175694159945549
HD 79392,2.8257527165764453
HD 79499,12.436374238346044
HD 79550,3.9460737060309223
HD 79678,4.99582841976876
HD 79743,23.419379446397404
HD 79915,2.507057225490524
HD 79966,0.24297856829246303
HD 80042,4.817426229738261
HD 80263,1.243325516203016
HD 80509,3.385782030959765
HD 80654,4.44023829824472
HD 80670,4.4001361314020375
HD 80685,4.614297010956776
HD 80719,4.1403819986970865
HD 80743,12.023910939189209
HD 80913,4.524830872202326
HD 81178,5.268570915772215
HD 81246,3.303933695616224
HD 81298,1.5293513917094261
HD 81302,13.069676136858478
HD 81409,1.1827267938426929
HD 81437,2.3325422197057892
HD 81464,2.7857153476854952
HD 81548,3.854698016898872
HD 81764,4.074684811643913
HD 81863,4.614312220344354
HD 81881,5.068484384411528
HD 82089,2.9917700449217453
HD 82140,28.112993896520432
HD 82164,7.022594816116644
HD 82563,4.922872004901807
HD 82602,2.9693942485792912
HD 82649,3.013690126090624
HD 82690,5.20765970074086
HD 82703,2.903900691688066
HD 82795,4.135360913462597
HD 82839,1.019951431500319
HD 82864,2.5619195308594223
HD 82881,9.882343009761277
HD 82895,7.990501401193426
HD 82943,6.641544014935339
HD 83064,6.236553664828962
HD 83108,1.8437112136527651
HD 83170,2.4617152834935165
HD 83186,2.9693963228280507
HD 83201,4.824873378486986
HD 83342,3.759518577010797
HD 83396,10.228245601835553
HD 83423,4.994135810150496
HD 83451,5.5931213001132125
HD 83525,2.9419575614090476
HD 83683,9.216714293391439
HD 83712,3.339983003189183
HD 83921,3.3039569773375765
HD 84078,0.6003000304224697
HD 84183,5.7340968237199545
HD 84432,3.3375816685315964
HD 84486,2.5055069807988892
HD 84515,1.434373206311007
HD 84558,1.5607096247516086
HD 84580,2.9176620403164346
HD 84616,3.5309224618730313
HD 84674,6.228040313816043
HD 84703,1.3389683841285844
HD 84709,1.1379820585297054
HD 84725,5.44541200908246
HD 84742,0.6609041550014887
HD 84749,4.281973431717547
HD 84850,1.6124526553206977
HD 84869,2.3824622086976874
HD 84952,3.8972212549366256
HD 84963,3.4576638886711115
HD 85030,2.1568789105430377
HD 85076,1.6286946583493456
HD 85087,3.2271117110982215
HD 85198,5.477473128468151
HD 85278,2.804618021932039
HD 85362,4.312752654973656
HD 85398,3.3051283353020224
HD 85402,6.292131346594951
HD 85411,3.3938887888138423
HD 85424,2.388059922369161
HD 85683,4.206684799297233
HD 85745,4.99588859240903
HD 85833,3.1612798459240046
HD 86090,4.224142613243263
HD 86147,2.7322204443590485
HD 86264,2.67510176970957
HD 86414,3.5636868890581406
HD 86560,6.713145309488646
HD 86731,3.556503947183375
HD 86847,5.261465654549342
HD 86884,1.6399055517107108
HD 86917,5.45619850582167
HD 86965,5.849102982590047
HD 86966,6.3966019293134755
HD 86997,0.8000686538042215
HD 87034,0.002777796864938827
HD 87096,5.702181897392751
HD 87123,4.805188563117873
HD 87143,10.842395558438412
HD 87178,2.8150759499388434
HD 87209,0.004769084970125731
HD 87291,1.7994464766313976
HD 87361,3.081191342090381
HD 87367,10.4262417043436
HD 87482,1.4042548395471544
HD 87513,4.614369632239173
HD 87667,10.228301891946124
HD 87717,5.851116103504182
HD 87827,0.703217270385034
HD 87838,3.0040605517951158
HD 88020,0.0883023933887696
HD 88109,5.374243248926982
HD 88224,1.5325973965985213
HD 88248,3.0806812383112705
HD 88354,5.247121354829228
HD 88524,3.9204286329180498
HD 88560,5.477468881461108
HD 88595,1.5200525494353105
HD 88830,0.2605806361105462
HD 88909,4.0961323445431805
HD 88917,10.949611024347945
HD 88972,2.2628689425071853
HD 88984,7.444193018810785
HD 89020,4.456929156417156
HD 89086,2.2038983307836237
HD 89101,0.6371512246561137
HD 89110,10.228657934356974
HD 89163,3.309236218276091
HD 89266,5.513030560286003
HD 89389,2.264953312031511
HD 89417,5.390818662546434
HD 89468,2.264076734405738
HD 89507,1.2055587865206305
HD 89633,66.58402039647635
HD 89708,5.1885357257583
HD 89709,5.713495750420069
HD 89734,2.358761008788959
HD 89747,2.994592081081947
HD 89852,1.282041080107268
HD 90093,5.0055336386147635
HD 90094,5.456250689785579
HD 90103,8.598306776002724
HD 90325,2.8412267461836533
HD 90387,2.3981020105086537
HD 90493,4.222710666641836
HD 90567,5.183671976884051
HD 90652,1.5061694217159434
HD 90789,6.399011960932814
HD 90878,6.794168683950638
HD 90907,1.7970907962554814
HD 90948,4.970022895094972
HD 91231,3.101008156619269
HD 91248,1.6224784823136997
HD 91347,2.661811538715545
HD 91394,4.090754191750808
HD 91455,2.6762130202788357
HD 91546,6.459697249468084
HD 91580,3.3364643669783582
HD 91638,9.123277997513181
HD 91674,1.613484892921212
HD 91707,5.234553411834499
HD 91789,1.7149277543778174
HD 91876,3.423516341957119
HD 92013,1.643316212877481
HD 92080,3.772169849193533
HD 92110,4.826402643139679
HD 92148,2.564347755630072
HD 92215,7.429988757461732
HD 92368,5.6868128830916795
HD 92521,2.4272424914545057
HD 92547,1.4469849617695005
HD 92674,4.271298533108921
HD 92800,1.2015029926301495
HD 92804,4.940664736506568
HD 92860,3.8583498766558693
HD 93046,7.4574628351863
HD 93081,57.05187011792067
HD 93148,1.3805912007385583
HD 93164,3.707775521231208
HD 93213,0.007230103616302535
HD 93283,0.43858513826471646
HD 93372,5.725263370782972
HD 93381,1.5287475010316445
HD 93582,5.851389851826105
HD 93638,0.3604699566586604
HD 93860,3.530986972519859
HD 94012,18.11926438327942
HD 94016,4.776848594861072
HD 94028,3.961338299987457
HD 94162,3.087155348927671
HD 94243,7.014608707127529
HD 94260,5.166375887592404
HD 94291,11.66013902386729
HD 94375,8.548719238622523
HD 94426,3.351380916045405
HD 94444,2.671663043587355
HD 94456,1.626348281070086
HD 94457,2.907664310435603
HD 94458,0.002800411917682781
HD 94461,2.8120214279029194
HD 94467,7.741085782371934
HD 94483,2.469201778070099
HD 94500,3.327492523859219
HD 94512,0.9409051173443855
HD 94706,9.123330163607204
HD 94794,3.5367783051423434
HD 94807,2.4991522132727115
HD 94848,1.6433242937338932
HD 94864,2.7883747650080903
HD 94906,1.1441124804757612
HD 94927,2.623059507615906
HD 94937,2.2958936773135674
HD 94964,3.638974516455898
HD 95025,1.7280751747182594
HD 95211,6.112984968412142
HD 95216,57.05187423818003
HD 95407,5.438636410721614
HD 95422,0.5899574051631502
HD 95518,3.961360328055536
HD 95552,3.845930878751637
HD 95812,3.53077987867869
HD 95938,1.2653992406073422
HD 96080,3.653179150645497
HD 96218,1.8251241862082463
HD 96290,9.074757828192896
HD 96375,0.36495946764716
HD 96417,38.32746290591661
HD 96479,2.6592945595199673
HD 96550,2.152527973449036
HD 96551,10.75186319039422
HD 96574,11.660217557561124
HD 96679,5.0149170458076044
HD 96973,5.851397649149698
HD 97217,4.7472463119944415
HD 97227,6.620359803139067
HD 97249,5.97317425144188
HD 97358,2.808717068236961
HD 97461,4.017229895062833
HD 97657,4.492918268765039
HD 97891,16.661464382666107
HD 97980,3.1070005442977293
HD 98180,1.6579375030907153
HD 98220,3.179967406625202
HD 98271,2.844894155133934
HD 98301,2.9484985952890193
HD 98388,5.476771404504604
HD 98413,0.9177192887060561
HD 98471,5.683121456683659
HD 98563,2.010672749348323
HD 98572,1.5299908674830125
HD 98651,0.5365106111626329
HD 98661,3.5264158808198243
HD 98697,5.969243424199129
HD 98727,5.721565459454701
HD 98753,5.7281111478632605
HD 98823,3.4376295010043303
HD 98861,5.643886589670294
HD 99122,3.304131666889134
HD 99233,9.890984661719928
HD 99251,100.0
HD 99310,4.3594284419497225
HD 99373,3.7309828444730497
HD 99437,4.057408023544246
HD 99532,4.031423520930451
HD 99639,5.532386332748969
HD 99719,2.538380862540113
HD 99915,4.65329628220957
HD 100004,2.782452184981571
HD 100014,4.8777967502446655
HD 100043,1.1012814307851992
HD 100066,1.8214344121141268
HD 100067,9.89435312001376
HD 100081,6.903569560943706
HD 100127,3.3501946011464265
HD 100255,2.0810989254143566
HD 100267,3.07539733953165
HD 100339,7.269249969113682
HD 100372,6.485480372384198
HD 100446,1.0476455136709797
HD 100551,2.875283101912948
HD 100604,3.9813876726968327
HD 100742,3.888558469045593
HD 100910,5.793008438805236
HD 100918,3.1880270892192053
HD 100980,1.6934375009638387
HD 100995,5.427160938711037
HD 101029,3.490930343404147
HD 101091,2.29894734889354
HD 101210,2.8087554843054603
HD 101365,10.585409440487558
HD 101382,3.49103835117924
HD 101416,5.04777631232639
HD 101574,3.6409862303589127
HD 101612,2.783355614746769
HD 101620,3.626958197376106
HD 101642,6.537602129168355
HD 101676,4.8756918031341465
HD 101716,3.112700242649717
HD 101805,3.6767961913040104
HD 101936,9.797644068979016
HD 101941,5.075780486043126
HD 101974,5.075769363555546
HD 102080,4.110952481384614
HD 102165,4.0925244983888485
HD 102300,2.3952579377838896
HD 102346,6.492468637105959
HD 102361,4.4204632674096445
HD 102588,3.1127225231863327
HD 102618,3.881590397535685
HD 102778,3.040850611731648
HD 102826,5.012720582265309
HD 102828,0.6059009463418501
HD 102855,1.3249839371969683
HD 102868,2.240105641407305
HD 103051,4.651124493114219
HD 103150,0.00277783403102066
HD 103248,5.588446878639288
HD 103354,5.060849901464
HD 103461,2.7203920920483307
HD 103474,5.198018933063438
HD 103721,4.460146633486472
HD 103773,3.6507656473281473
HD 103774,4.017291275001601
HD 103799,2.726185425802051
HD 103868,3.6216728488523673
HD 103890,8.53941339129476
HD 103891,1.302139142425055
HD 103933,2.4439621971948426
HD 103975,5.079102283188598
HD 104112,1.9548547664330134
HD 104318,3.280150020145789
HD 104367,0.20052740918933748
HD 104379,3.4674365018809614
HD 104593,4.943177551682468
HD 104634,8.293328183843126
HD 104638,9.899840852126953
HD 104754,
HD 104755,3.9803499009019108
HD 104784,8.297865114005452
HD 104954,3.6235278746685218
HD 104956,0.004832932066817758
HD 104997,5.9022666306788
HD 105000,1.9098695926649847
HD 105060,0.18712675928195402
HD 105123,1.828237656369172
HD 105187,3.9609637407987623
HD 105241,4.968440255081483
HD 105405,3.112732378975858
HD 105485,3.313399552147007
HD 105491,4.397925707316054
HD 105559,0.0232497886055881
HD 105567,7.269357072273587
HD 105577,5.52689159059753
HD 105584,13.977852973684382
HD 105704,2.6845808095591184
HD 105748,4.516586055684304
HD 105919,2.6012864615305165
HD 105938,3.8184461356717234
HD 105989,1.2112143845525989
HD 106105,9.552383861094155
HD 106152,9.927826851568817
HD 106509,6.845069682093186
HD 106510,6.2311355371742945
HD 106691,1.2156394474052907
HD 106909,2.3768662002138674
HD 106952,14.73767775700431
HD 107006,6.606225288341439
HD 107021,3.367004039858946
HD 107086,2.2785348119266353
HD 107224,9.92777173452848
HD 107261,5.671482789822657
HD 107263,6.073331746598771
HD 107303,4.844030673300569
HD 107307,1.5397365017371447
HD 107359,2.601204577094815
HD 107404,3.8886777954358775
HD 107509,0.7054044244601264
HD 107569,4.8631540019402175
HD 107611,2.6942498177819725
HD 107685,2.694261315077624
HD 107746,3.261704070045215
HD 107823,3.5244213566857416
HD 107830,100.0
HD 107845,5.288959024120076
HD 107885,2.7173140281185577
HD 107892,2.015831702169615
HD 107956,1.7631241967898643
HD 107960,1.9791676514376217
HD 108019,3.3998836555626277
HD 108023,0.010771215634888816
HD 108147,3.3012511036847187
HD 108163,2.783396204316299
HD 108177,4.812971457449707
HD 108259,0.6600000731457005
HD 108264,46.35927519666523
HD 108351,7.704689683011081
HD 108435,38.696077776985476
HD 108498,5.079152702248703
HD 108540,4.684018433827561
HD 108637,7.570328428361825
HD 108684,4.869688475956255
HD 108807,3.658379732203214
HD 108846,3.3635768822196708
HD 108956,5.0478678153141745
HD 108976,2.5397960956113272
HD 109034,1.4564276470305162
HD 109078,4.21036400763831
HD 109135,4.352181522738999
HD 109154,5.14673910270591
HD 109303,0.0031836902191332396
HD 109331,6.165354596701888
HD 109344,4.650975049342951
HD 109464,5.216162311369776
HD 109475,1.551227002897195
HD 109542,0.0415755721977673
HD 109552,6.508313450309371
HD 109590,2.146754491885915
HD 109756,100.0
HD 109839,2.7949637817368567
HD 109843,3.0550518656713117
HD 110134,4.092041160872609
HD 110223,9.533882869881051
HD 110313,6.113157502139269
HD 110345,4.4244201741080555
HD 110375,3.2007933640297432
HD 110408,5.358460125542693
HD 110440,6.851417271483697
HD 110450,0.0857237857264845
HD 110487,
HD 110710,2.5924027980625493
HD 110822,5.311784704153847
HD 110823,1.0800345738659505
HD 110871,1.7329859535989844
HD 110892,2.6260454813688052
HD 110989,4.706168761958622
HD 111097,2.8891516040393785
HD 111153,5.901428280453411
HD 111213,2.19838796425259
HD 111238,1.6852088461611876
HD 111275,2.6256761377856694
HD 111289,4.513633500714888
HD 111347,1.2440107308585318
HD 111348,0.6948168140135746
HD 111354,2.909314155365039
HD 111470,4.083548035982952
HD 111503,4.668382518059493
HD 111545,100.0
HD 111815,2.3627283509906323
HD 111828,11.209287650105882
HD 111962,4.154945897632221
HD 112039,2.8223121978212244
HD 112149,38.56012870013389
HD 112151,2.6283571982473317
HD 112283,5.696485285915839
HD 112610,5.2021343946140215
HD 112618,1.3533302085429864
HD 112848,6.0326917366293085
HD 112857,11.209390108473732
HD 112887,2.451529267964462
HD 112945,4.322473962516519
HD 112947,9.990924266016313
HD 112974,5.812109218946456
HD 113037,3.227875052955039
HD 113084,1.024139301394843
HD 113130,1.0416152779480512
HD 113153,0.23152875596211886
HD 113240,3.388777684462933
HD 113242,5.3007427133572085
HD 113284,1.0157743793690654
HD 113354,3.3709394928978087
HD 113392,4.6420696617581925
HD 113416,2.169705594652391
HD 113468,5.081992217394307
HD 113516,3.502719568071781
HD 113577,10.74732092236467
HD 113591,3.3469850133932657
HD 113621,0.6364485760441566
HD 113668,3.90713474403247
HD 113719,5.036372066548082
HD 113744,3.197908296449938
HD 114000,2.4492098328005882
HD 114116,3.907150755921942
HD 114136,6.053375122591541
HD 114147,4.250243322119056
HD 114155,1.1665957195712
HD 114193,4.60924220047711
HD 114254,1.681573949484204
HD 114301,0.6563740091062549
HD 114380,5.8121488292803
HD 114446,11.523345031878403
HD 114494,4.442891131743242
HD 114538,7.602260796026223
HD 114649,7.336013396990732
HD 114778,3.597390632878906
HD 114845,100.0
HD 114848,1.0505815190305807
HD 114905,6.818016168364267
HD 114982,2.216888634175311
HD 114989,2.6072598382251377
HD 115123,1.7371279975724
HD 115274,2.449217870302315
HD 115350,2.9866703604797125
HD 115353,20.820748661511765
HD 115386,1.5642046383868622
HD 115503,7.324966461820003
HD 115519,5.539192894109555
HD 115605,5.374238071572439
HD 115607,2.575664795974661
HD 115655,2.9159399500779957
HD 115663,6.166056009579204
HD 115693,100.0
HD 115740,3.1915652433607287
HD 115773,4.911454695607563
HD 115809,1.7331847292962217
HD 115832,3.281516429072505
HD 115906,8.578230938126922
HD 115929,5.539212764019225
HD 116089,1.747039559034731
HD 116091,2.989990215977347
HD 116211,11.93576127055304
HD 116234,3.9513189569444003
HD 116347,11.935771777968558
HD 116738,1.2931074494266914
HD 116879,6.737472905764081
HD 116941,4.405515317036053
HD 117052,4.351361728363376
HD 117104,2.0256033874068615
HD 117105,8.57828326861445
HD 117115,2.5486719288844806
HD 117214,0.5516324110292014
HD 117264,1.613373401720274
HD 117317,1.3301981248896442
HD 117378,4.492397583480096
HD 117391,2.2523744961771968
HD 117670,38.42487633810275
HD 117695,5.4497852829186275
HD 117697,4.016459362243366
HD 117718,4.60928289911891
HD 117807,5.334161888380851
HD 117929,4.400150343720956
HD 118187,4.322549774148632
HD 118330,4.970703061053599
HD 118394,0.1984395900051113
HD 118507,1.804819437076736
HD 118523,3.8725735487413178
HD 118736,2.8858299958994893
HD 118826,
HD 118865,3.66473745673698
HD 118930,4.696976694431842
HD 118957,15.279204667996753
HD 119054,5.539231733864145
HD 119056,3.9825223812502255
HD 119119,3.8875313733610026
HD 119288,14.084400445283014
HD 119497,13.460298520562755
HD 119562,1.8727513298831169
HD 119629,2.285503672260749
HD 119638,
HD 119929,2.989990631060889
HD 120004,3.9809880844900065
HD 120007,4.228714319377396
HD 120037,3.5645921538745853
HD 120065,2.927160608849607
HD 120162,4.444136351032516
HD 120197,0.33984389039174195
HD 120250,1.617960723448985
HD 120419,4.3619955066769105
HD 120548,3.9188999150969153
HD 120691,2.94361949803364
HD 120770,3.796377897571326
HD 120893,2.5472328623689555
HD 120915,3.6434016253269834
HD 121083,2.943625478409936
HD 121103,3.152972390912058
HD 121214,1.5129629106676572
HD 121218,4.327989238253148
HD 121234,5.396088746913718
HD 121268,8.6919824360122
HD 121340,55.517452070923596
HD 121343,0.975399846791705
HD 121387,3.4819702854363275
HD 121458,3.733750642741572
HD 121496,6.334661375094719
HD 121545,5.1302508988211155
HD 121560,3.5305642399087094
HD 121664,11.523194734755467
HD 121852,5.574056073693147
HD 122040,100.0
HD 122089,3.4603237541663883
HD 122156,3.9752191657326668
HD 122196,1.0180838321010053
HD 122298,3.8524273026297156
HD 122652,4.088866214269609
HD 122657,
HD 122666,3.4603408431935736
HD 122694,1.1748153880509384
HD 122797,1.8142169836733708
HD 122800,
HD 122946,3.9580062832419127
HD 123087,
HD 123302,4.539277530687271
HD 123340,9.764360029287886
HD 123397,5.0963046552557145
HD 123402,4.582118348057944
HD 123464,2.695980606150233
HD 123573,2.287274943162177
HD 123603,2.67714646057483
HD 123626,38.57456273388357
HD 123642,5.766148945790447
HD 123811,4.960806903843195
HD 123845,2.8774369388523104
HD 123994,0.20820160563971696
HD 124115,2.105378874555808
HD 124245,
HD 124423,2.927168615699388
HD 124459,2.664856936740827
HD 124460,1.9489869435888252
HD 124500,0.08666929940401508
HD 124502,2.174878213337579
HD 124546,0.0035726461045999637
HD 124553,13.316769721369148
HD 124699,2.0721256266786034
HD 124715,
HD 124785,6.200539859090446
HD 124986,1.7602556829306812
HD 125027,2.6560415081647704
HD 125139,2.343386018629341
HD 125166,
HD 125218,1.617979535754436
HD 125231,
HD 125272,0.35023761895803684
HD 125308,2.5024799160805395
HD 125389,0.4375411495833998
HD 125400,29.510993564115743
HD 125406,2.829359395312613
HD 125408,4.378516883002977
HD 125436,2.9809243489787374
HD 125528,3.1900095980716925
HD 125857,4.031248028496486
HD 125858,1.3235965834112702
HD 126101,
HD 126141,1.4677012282873911
HD 126203,
HD 126326,0.24503671585968556
HD 126375,4.7836252695172155
HD 126390,3.1199976431726264
HD 126394,3.7081788579302546
HD 126453,11.711138493003052
HD 126620,4.07835517542387
HD 126653,5.420027013725764
HD 126675,6.715366640116623
HD 126734,4.539291337173099
HD 126831,3.2272300403719063
HD 126912,3.620354326954548
HD 127007,3.698007585993027
HD 127170,
HD 127207,2.01206521312563
HD 127245,0.768902932314277
HD 127294,37.85214396021986
HD 127403,5.6327657439921675
HD 127539,2.7728675108659577
HD 127666,4.803372315782641
HD 127667,6.458753382852011
HD 127825,2.266328545426784
HD 127850,5.06860291821642
HD 127852,2.016775988459012
HD 127861,3.1873042444735127
HD 128027,2.6022449081044097
HD 128128,4.065652098009424
HD 128185,4.712315459277034
HD 128332,4.418854175263092
HD 128340,3.4106048324872202
HD 128369,0.6431371764083308
HD 128398,5.268656350560256
HD 128493,1.5876395226753544
HD 128494,5.32072048889109
HD 128660,4.234273042102088
HD 128717,4.851769711372826
HD 128760,4.4920996709944045
HD 128772,2.727864365541153
HD 128917,4.445049584146229
HD 128931,3.2723969864451443
HD 129013,3.4588193766350863
HD 129055,3.559913575201163
HD 129060,3.9461048921243855
HD 129135,7.572956546791082
HD 129213,
HD 129226,4.116227678335274
HD 129232,
HD 129354,2.917275048864479
HD 129412,5.229058089018854
HD 129417,0.8325726511936375
HD 129425,3.732738835132568
HD 129454,6.33741795771026
HD 129501,2.5567118843431413
HD 129599,4.42446231874008
HD 129698,2.6585496682374683
HD 130102,55.67363174697256
HD 130125,4.065681347010551
HD 130238,2.446833550287103
HD 130240,28.874899055620396
HD 130253,2.9880354003993643
HD 130268,2.3144678824094678
HD 130360,5.481697770989516
HD 130396,3.5160418848229678
HD 130445,4.235244547172221
HD 130460,1.6713344688846203
HD 130503,4.685713854170142
HD 130551,3.4431605681485284
HD 130555,4.524193467682821
HD 130582,5.148229857449965
HD 130585,5.072521555847919
HD 130620,1.3040765485306955
HD 130672,2.147555057274455
HD 130679,4.128088476856326
HD 130714,28.874968592418686
HD 130761,4.49211667896143
HD 130801,
HD 130809,5.068591654278696
HD 130852,3.5905921771556573
HD 130904,28.87861127365165
HD 130916,6.089482262085884
HD 130943,1.8775012263799091
HD 130987,3.419452150179404
HD 130989,
HD 131039,5.766159975445592
HD 131194,3.2104312187489885
HD 131271,14.93525533468045
HD 131301,2.3144464278069914
HD 131337,
HD 131417,28.878550802984325
HD 131435,2.3783359151798344
HD 131438,4.973054232682791
HD 131495,5.541710937069984
HD 131574,1.0759206685776852
HD 131599,11.710999634312854
HD 131787,2.3538102469407676
HD 132005,3.2839433715495048
HD 132122,3.3712512291799435
HD 132249,4.060804532251192
HD 132301,2.652067597190415
HD 132475,
HD 132560,4.187678939269885
HD 132602,2.9548535155717293
HD 132736,0.8785643356425177
HD 132864,3.2839374397400163
HD 132893,10.744890943073145
HD 132913,3.5915866809509054
HD 133070,1.452599404144531
HD 133295,4.8296114862903075
HD 133351,2.842881330511006
HD 133469,2.5793794913723875
HD 133482,4.909899585076783
HD 133644,1.750028445600613
HD 133795,5.499917362256904
HD 133814,2.2437356310409577
HD 133913,
HD 134044,4.214674293740404
HD 134061,3.367459209921936
HD 134191,0.6842590894583852
HD 134231,28.875101624113416
HD 134280,1.3853485854414787
HD 134495,5.44408343887179
HD 134694,12.826439974155154
HD 134792,4.846353596531127
HD 134853,2.308934801549535
HD 135151,2.7469710897189654
HD 135200,4.205698259739899
HD 135468,6.177993880946433
HD 135528,0.2357525622045287
HD 135669,100.0
HD 136047,2.52987558461307
HD 136118,3.004814440817581
HD 136124,1.0600158302523943
HD 136179,0.24512326876595944
HD 136205,100.0
HD 136301,1.4641857153469744
HD 136440,3.8132021425496325
HD 136497,
HD 136544,0.06419638919916448
HD 136580,5.722228312750754
HD 136654,4.5158270230086135
HD 136696,1.5456347987241692
HD 137157,3.4692093786508273
HD 137294,1.6248600374821351
HD 137410,37.84839047613957
HD 137520,5.725296611668295
HD 137619,4.205267439101401
HD 137705,1.749921267192035
HD 137804,4.680203827541966
HD 137870,4.075508057176121
HD 137992,2.964244858484229
HD 138057,3.3674871439716982
HD 138115,6.23661692200297
HD 138148,4.492160423274006
HD 138246,14.202053869773748
HD 138339,3.949260296782109
HD 138465,2.0782991585955717
HD 138593,3.946128435666725
HD 138686,0.3250314750346205
HD 138741,3.626309652453119
HD 138750,2.1308535642084117
HD 138808,1.848247430247523
HD 138924,5.849433307764549
HD 139089,1.6860110871679193
HD 139200,0.5912067897071887
HD 139375,1.0608812208213236
HD 139389,0.4624966597476994
HD 139438,4.158308960954732
HD 139457,1.8437783530270586
HD 139478,0.7057463527377399
HD 139522,1.668694595652479
HD 139539,1.6860104642734897
HD 139720,3.735086866831342
HD 139843,
HD 139876,1.377306160431082
HD 140229,1.1286965478288342
HD 140341,1.522850683372104
HD 140370,0.2875678110479368
HD 140408,8.017044118779161
HD 140412,3.4123071819678654
HD 140571,4.515859875287505
HD 140592,6.515584562049082
HD 140612,1.155844384189201
HD 140721,3.2029991195052974
HD 140812,6.852794325667851
HD 140876,2.964083929083826
HD 140925,9.24169118684229
HD 141103,0.30129721830667233
HD 141107,5.419883919363307
HD 141128,4.18270299687939
HD 141171,5.098416443315817
HD 141294,13.249535573501669
HD 141398,2.009661058805279
HD 141416,1.8850879520932284
HD 141465,1.0671538977005848
HD 141514,68.75465342215789
HD 141515,2.9642911926941413
HD 141550,4.4936150750351525
HD 141583,6.528078515952106
HD 141597,
HD 141692,2.730170357521736
HD 141815,6.042239373709925
HD 141863,5.971997499574034
HD 141972,4.36697762001822
HD 142081,6.236590729939437
HD 142101,3.218668879044096
HD 142108,3.858016342758325
HD 142118,5.501655455342463
HD 142217,13.24952743912994
HD 142227,0.027088414752725096
HD 142269,0.7095758827586778
HD 142303,4.125762721700998
HD 142529,7.095207399412616
HD 142542,6.705427781243885
HD 142575,2.459056472545967
HD 142681,2.032431470265755
HD 142727,0.9382855172496879
HD 142846,1.364196527165012
HD 142882,
HD 142943,
HD 143105,10.061746780248821
HD 143137,8.027441831279583
HD 143292,0.142958655283963
HD 143306,6.2366107843770955
HD 143401,1.1395560085232344
HD 143431,2.3919193825624405
HD 143470,
HD 143873,6.030869306492106
HD 144134,
HD 144172,
HD 144227,3.6367164388578463
HD 144243,6.848140702470382
HD 144282,2.287570847246744
HD 144301,2.9038310366547315
HD 144309,
HD 144582,
HD 144717,5.857679381138474
HD 144766,
HD 144836,2.745542544040989
HD 144880,0.677139455565593
HD 145071,
HD 145158,3.792246340292009
HD 145173,4.329727098647221
HD 145184,3.8242680601932957
HD 145228,0.31396849094818463
HD 145247,
HD 145327,2.1617449067456387
HD 145344,0.5034474929891024
HD 145368,6.9406615531941664
HD 145435,9.938598040418348
HD 145436,1.8728972998259785
HD 145549,2.274662207274105
HD 145627,5.931926770705252
HD 145676,3.973856696374404
HD 145729,1.9143300592101726
HD 145833,4.1030984835833175
HD 145853,
HD 145872,1.0084480744855664
HD 145937,
HD 146079,4.383307365016675
HD 146213,
HD 146418,4.885081423139245
HD 146870,1.5020851678922902
HD 146990,4.917435397762363
HD 146991,1.3331433092051166
HD 147291,0.004270789332070307
HD 147385,5.929491345826498
HD 147387,0.08741684562713972
HD 147531,
HD 147642,
HD 147644,
HD 147652,5.929502551102924
HD 147685,1.2967986252913324
HD 147717,4.238603483402198
HD 147742,0.34687943744950617
HD 147753,
HD 147887,
HD 148004,
HD 148044,3.293622787021334
HD 148046,0.6487022575320108
HD 148049,5.512864434228234
HD 148164,
HD 148211,56.44681971177836
HD 148290,5.262009539364352
HD 148433,3.3194536388120643
HD 148453,1.406170199876823
HD 148516,66.03336438116527
HD 148528,0.8988690291846575
HD 148600,6.342518091808882
HD 148711,
HD 148725,4.64917072300165
HD 148803,
HD 148816,
HD 148841,
HD 148961,5.000495547527473
HD 148963,5.076789397251957
HD 148967,
HD 148997,2.604524720551902
HD 149079,5.972017463586944
HD 149194,6.85036517952705
HD 149200,
HD 149238,3.736340871144545
HD 149304,1.1191683525294247
HD 149346,1.1431829745220043
HD 149380,1.5051007947118946
HD 149463,
HD 149504,11.693973578047391
HD 149576,5.5128832170375235
HD 149616,
HD 149652,
HD 149663,
HD 149665,2.8747598178575764
HD 149807,
HD 149879,1.0553753694794075
HD 149928,12.640244388740657
HD 150017,
HD 150258,
HD 150295,5.512923008791855
HD 150344,
HD 150589,
HD 150697,
HD 150734,
HD 150749,3.056630373398928
HD 150813,1.2077173666402043
HD 150826,2.323718753642879
HD 150875,
HD 150962,3.152953039419193
HD 151021,2.4273078822712355
HD 151043,3.5013581704439796
HD 151258,
HD 151340,2.4704625368800843
HD 151379,1.3772964808933046
HD 151632,
HD 151651,4.366961334047664
HD 151664,1.2668699251813809
HD 151689,5.931883253170875
HD 151699,4.329984663383793
HD 151766,3.442658623146602
HD 151772,10.952854252781501
HD 151783,
HD 151900,
HD 151939,3.8564009123870817
HD 152128,
HD 152146,65.94496499207729
HD 152237,3.54667257289278
HD 152392,
HD 152425,5.229192915161262
HD 152433,5.912811397555556
HD 152446,2.9654392559561327
HD 152449,
HD 152652,3.1081114568220745
HD 152671,5.293324650350474
HD 152986,
HD 153134,
HD 153240,
HD 153376,3.1091109874400265
HD 153455,2.2406968398925815
HD 153559,0.6815250824634217
HD 153627,
HD 153668,8.156437075024575
HD 153796,
HD 153846,0.0067902780255029065
HD 153897,1.5983421253156365
HD 153950,100.0
HD 153970,8.72908596572577
HD 154083,2.321135684399471
HD 154208,2.8204547214269464
HD 154337,4.786878545212181
HD 154355,6.082393017132771
HD 154578,1.5890332455808291
HD 154865,
HD 154866,
HD 154945,
HD 154974,3.3527607985266865
HD 155060,11.372667595340745
HD 155092,100.0
HD 155117,5.727714310542193
HD 155193,
HD 155228,0.0027778171492615694
HD 155262,2.038823506922404
HD 155286,4.883484357435316
HD 155356,3.834733487831134
HD 155395,1.1188408365446914
HD 155423,
HD 155467,
HD 155479,4.229593722941026
HD 155498,4.520642521410003
HD 155515,
HD 155546,
HD 155559,1.421758193025295
HD 155646,
HD 155817,2.408271534602636
HD 155967,0.9149752467364022
HD 155979,3.9758864045975555
HD 156549,
HD 156586,
HD 156632,3.9760645628787774
HD 156730,1.8262557139928595
HD 156825,
HD 156925,4.2516250298382845
HD 156999,
HD 157304,10.057364391504189
HD 157316,1.4100849155193704
HD 157338,3.3735838800978954
HD 157373,4.251633369021361
HD 157379,
HD 157387,4.517137399782171
HD 157427,1.1850451587269835
HD 157466,2.321772882411505
HD 157555,2.076679908981885
HD 157587,22.548410257814716
HD 157856,
HD 157884,3.2017147730089546
HD 157968,
HD 157986,4.6276146116832075
HD 158302,
HD 158469,4.611294332948873
HD 158521,100.0
HD 158654,5.284347985281369
HD 158671,5.589636821437741
HD 158675,
HD 158736,
HD 158806,3.2674388800971514
HD 158940,5.48899008361292
HD 159279,4.7869227653466035
HD 159329,1.4584791583264876
HD 159357,
HD 159397,
HD 159517,5.592809895245108
HD 159583,2.9654850176110075
HD 159611,
HD 159775,2.957322077946317
HD 159972,
HD 160043,0.24507729280504797
HD 160078,2.6417550764954703
HD 160089,
HD 160213,6.028880878472246
HD 160312,
HD 160339,3.9256330645766964
HD 160355,4.735629580384096
HD 160482,5.950315330334759
HD 160487,6.326500538377166
HD 160488,3.283102473733881
HD 160573,2.6586276611290547
HD 160627,
HD 161023,
HD 161050,6.460207457155941
HD 161071,2.09348360034943
HD 161128,4.3406298490664765
HD 161192,2.828714429833196
HD 161203,
HD 161462,3.7528331655020972
HD 161478,1.1635653233245082
HD 161538,5.439238984894227
HD 161551,
HD 161566,0.004523130986566925
HD 161718,9.049191046866765
HD 161767,5.141376170240209
HD 161773,
HD 161990,100.0
HD 162195,4.647224930891839
HD 162343,
HD 162521,2.2482550656055786
HD 162796,
HD 162826,7.210491219998836
HD 162883,
HD 162892,17.584463179321396
HD 162916,2.474613539853626
HD 163079,
HD 163385,
HD 163520,0.629171170013434
HD 163674,3.2511041915001813
HD 163696,3.461149035122245
HD 164057,0.003310445107760361
HD 164112,0.016042837847800168
HD 164138,
HD 164249,1.5136080952562883
HD 164372,0.9624723642355447
HD 164396,5.128552010959709
HD 164674,
HD 164901,3.8732614103792393
HD 165000,13.394099696387133
HD 165011,
HD 165027,3.516423409516741
HD 165073,6.02297591755774
HD 165281,9.388374527772763
HD 165567,3.014630460629865
HD 165610,
HD 165696,5.2739747142418745
HD 166073,
HD 166601,4.251691816293649
HD 166649,9.632273450273017
HD 166729,5.34921735463056
HD 166913,0.010709930594829695
HD 166972,2.712208584614311
HD 167062,4.171880574743267
HD 167300,0.002850853028438654
HD 167389,4.563821920041801
HD 167407,12.640367735848027
HD 167534,2.5824974205476594
HD 167538,3.248050130187937
HD 167586,9.8586348544355
HD 167588,3.979532228084444
HD 167825,1.8413517503027794
HD 167854,1.8851185445942757
HD 168093,7.741001566813581
HD 168363,2.943282854787956
HD 168774,2.896866682199511
HD 168782,
HD 168849,1.5383720999406676
HD 168956,4.402247795435551
HD 169029,2.2506629055569527
HD 169244,4.251707997365886
HD 169666,2.641326766625403
HD 169830,9.632317579961835
HD 169840,5.349251018576808
HD 169886,4.402254316818582
HD 169919,
HD 170091,2.8591298017551092
HD 170149,5.726493334639949
HD 170505,2.0480517802625773
HD 170506,1.1519800490972858
HD 170513,
HD 170579,
HD 170850,1.720081039002253
HD 171087,3.170516240618114
HD 171278,
HD 171341,2.614765175667112
HD 171413,
HD 171455,1.6723744057509926
HD 171534,2.6317976502497795
HD 171620,4.737760722100329
HD 171763,5.751218689646622
HD 171770,
HD 171854,
HD 171874,
HD 171886,6.290165471324063
HD 171888,
HD 171990,1.88512555537364
HD 172144,6.979876949229271
HD 172266,4.254097708174734
HD 172283,100.0
HD 172407,
HD 172426,
HD 172547,
HD 172649,3.909080334500841
HD 172711,6.030362506419689
HD 172718,
HD 172993,6.307432843990905
HD 173091,
HD 173189,2.2738509118531414
HD 173245,
HD 173289,0.9992986702942349
HD 173494,4.737783427124949
HD 173634,
HD 173645,1.3026051720195073
HD 173651,
HD 173883,
HD 174153,6.979897448140326
HD 174160,2.7481493201907927
HD 174341,4.524873455300393
HD 174505,2.0820269701797383
HD 174912,4.150826219796377
HD 175128,0.5502261931567366
HD 175226,17.63499445494656
HD 175290,5.297348569982863
HD 175382,
HD 175432,
HD 175576,31.10848351332631
HD 175862,2.108809548054182
HD 175979,
HD 176014,
HD 176118,
HD 176250,11.44601923816308
HD 176278,9.219440792378727
HD 176328,1.2949280129966778
HD 176341,2.0570182110629958
HD 176370,5.18493978669378
HD 176441,0.022544126040500618
HD 176464,0.1327020158044051
HD 176666,3.7993963582678223
HD 176894,0.5257592132464499
HD 176903,
HD 176968,1.6630723975841646
HD 176969,6.290210166579595
HD 177104,5.381173307466866
HD 177326,3.480152572237449
HD 177369,3.517405445963435
HD 177657,
HD 178341,
HD 178606,19.304858773820154
HD 178739,1.3904085135602793
HD 178772,4.186251045263772
HD 178821,12.879568306138044
HD 178850,4.90985443533078
HD 179409,
HD 179423,1.2656038325418237
HD 179699,3.409919314375403
HD 179866,5.592845077561813
HD 179985,2.896878109314039
HD 180083,3.5148525373046247
HD 180285,2.835694762119517
HD 180539,1.3979231114239732
HD 180546,1.006494140180608
HD 180615,9.973554027097949
HD 180709,6.341151453902201
HD 180712,3.694042282276198
HD 180841,0.013423408241088036
HD 180867,9.670238275173471
HD 180904,100.0
HD 180917,1.6904619101832103
HD 180945,2.8942858615042746
HD 180964,5.821862485385788
HD 180965,3.187243497522037
HD 181214,5.625752374920471
HD 181327,1.5383932356645185
HD 181358,3.027578178230524
HD 181382,3.2532862553514796
HD 181420,1.3616667881050255
HD 181459,1.910475511974897
HD 181893,4.169015257505293
HD 181958,5.410247138246252
HD 182008,2.690356835483558
HD 182101,4.47418128818658
HD 182380,1.4475071772950883
HD 182498,5.625733075502152
HD 182708,10.822053354439532
HD 182901,1.6329554334420522
HD 182925,
HD 183011,2.21200387287942
HD 183123,1.9941218287831743
HD 183127,4.326568389177642
HD 183301,3.175001325220706
HD 183504,8.879015300205037
HD 183577,0.192144662951665
HD 183581,1.7560206755355794
HD 183627,1.137531880189251
HD 183631,4.984304341410605
HD 183775,3.57782008414014
HD 183924,
HD 183936,6.153734866774618
HD 183951,5.002535271999048
HD 183970,2.2791763681098725
HD 184025,1.5932787086178222
HD 184151,3.2472329178891495
HD 184198,0.17420363532759336
HD 184509,
HD 184778,100.0
HD 185142,5.821896119195121
HD 185206,1.468407842682557
HD 185239,2.378844867251846
HD 185270,14.352897710859239
HD 185348,6.57477745592637
HD 185426,
HD 185579,2.9363073218632114
HD 185720,1.8921105155156317
HD 185760,5.625795481117614
HD 185890,9.85875021800647
HD 185907,1.8086002890865611
HD 185934,6.113029857875056
HD 185957,3.798516509760062
HD 185978,4.0982008246687665
HD 186025,3.099523946595625
HD 186140,13.673846913664411
HD 186152,5.821911886731104
HD 186257,3.3802577298329997
HD 186379,0.045788885175290596
HD 186606,2.8943291034321716
HD 186657,1.9473319396245008
HD 186725,5.002545995587005
HD 186784,2.433706575532169
HD 186981,1.2049587254964258
HD 187101,3.3516188569110916
HD 187182,3.6117034776621875
HD 187317,2.2525046344412125
HD 187637,27.49773436095126
HD 187668,
HD 187728,2.396078774928303
HD 188166,9.88200422149247
HD 188205,4.524914125967369
HD 188377,
HD 188449,
HD 188815,3.399154892413446
HD 188903,4.18530905453584
HD 188986,1.9115958894437675
HD 189006,6.934748835071759
HD 189207,1.6304095954045348
HD 189259,5.625837595857285
HD 189317,5.28653025577205
HD 189387,9.110082796234666
HD 189478,1.1179349740171085
HD 189509,1.6330460825491546
HD 189627,
HD 189712,1.632974847847726
HD 189769,4.822657941739096
HD 189899,4.2541348365851634
HD 189948,4.474224392346669
HD 190009,
HD 190045,1.994122012803538
HD 190118,17.937100875299436
HD 190177,
HD 190269,5.013535594723593
HD 190307,5.029805360302703
HD 190498,4.80189019298622
HD 190681,
HD 190695,4.7367819884064675
HD 190736,3.247273493500483
HD 190808,4.475359971656875
HD 190983,3.1302547724679934
HD 190984,100.0
HD 191033,
HD 191237,3.59192885081506
HD 191260,1.8129631627873966
HD 191373,0.6358563148434365
HD 191598,
HD 191631,6.338337988436762
HD 191878,5.08582531115751
HD 192161,1.6304116555223753
HD 192266,
HD 192438,1.4313926055277115
HD 192490,3.0866942738056107
HD 192530,5.185034111344846
HD 192635,3.0216790790700294
HD 192763,5.656224565616283
HD 192804,4.031289012686242
HD 192826,3.3633063326558417
HD 192865,3.6066772234042026
HD 192887,3.9037541965392846
HD 193209,0.4887854724273234
HD 193307,2.1181820083413156
HD 193388,5.69857151992899
HD 193402,1.7104248912860962
HD 193555,4.8019368117059
HD 193632,6.694158551002243
HD 193665,5.132603647013294
HD 193672,2.555904951323795
HD 193747,0.10243160771095429
HD 193809,4.832546809586236
HD 193901,
HD 194080,
HD 194189,1.8130397076120748
HD 194385,6.791194543670894
HD 194461,2.9918289386025734
HD 194497,7.575756691296137
HD 194711,0.9651063790375327
HD 194881,2.6614994916031325
HD 195005,5.394704819801889
HD 195104,4.984442282433137
HD 195231,0.9610761683245876
HD 195243,
HD 195364,
HD 195528,6.277562758062087
HD 195544,1.2140734797741877
HD 195655,6.791178956831812
HD 195663,2.9999904603555665
HD 195688,9.676556904906375
HD 195690,2.6444116951620034
HD 195776,0.49061999907048864
HD 195888,3.517472775878362
HD 195952,
HD 196081,1.2985574373536761
HD 196107,2.2777794302995087
HD 196113,2.4147370985059586
HD 196189,3.780911735370655
HD 196195,0.6711568773719161
HD 196199,3.7630113858939986
HD 196277,2.057029222176738
HD 196384,
HD 196475,1.1256317561722122
HD 196482,9.685249033426855
HD 196617,
HD 196619,1.798299793508616
HD 196672,4.078140514317593
HD 196674,5.089736162273442
HD 196752,3.4587639187638985
HD 196784,2.677709296979213
HD 196789,16.608015790759183
HD 196892,
HD 196999,1.1166508414010137
HD 197208,10.061983820906313
HD 197320,
HD 197343,3.7005279883361366
HD 197370,4.830360388491254
HD 197407,3.4630050081326003
HD 197466,0.6004228822434806
HD 197536,2.7720159408022704
HD 197658,
HD 197665,2.5597826604641565
HD 197873,3.197255192080756
HD 197980,
HD 197985,1.320925878820817
HD 197995,5.246464656955541
HD 198029,
HD 198061,2.6968910598232014
HD 198089,4.0712986303156375
HD 198104,3.527042677857716
HD 198109,9.458841799450372
HD 198135,6.746373287132369
HD 198280,7.544375943061894
HD 198334,
HD 198354,3.6137112592297616
HD 198389,3.2062574936983483
HD 198486,100.0
HD 198502,10.362141395783803
HD 198585,3.8409930777068446
HD 198662,3.485059998279017
HD 198683,3.952806299497979
HD 198707,4.071275063926436
HD 198737,2.1647624790825453
HD 198861,4.195682660767324
HD 199104,3.7353463013731956
HD 199227,3.4347529992869346
HD 199277,0.9947858099749093
HD 199289,7.187785590414721
HD 199373,4.964294051466554
HD 199681,1.2885779389546461
HD 199684,1.8428137284252124
HD 199695,5.146624792618532
HD 199775,2.0779542845122108
HD 199818,2.1989458494764595
HD 199868,4.013980245921189
HD 199872,0.48962045131928783
HD 199881,4.4735892524582646
HD 199912,3.872671478138748
HD 200088,8.161092457257297
HD 200204,10.593230487738227
HD 200344,1.3437418911195314
HD 200373,0.9676068187197202
HD 200409,14.512863358716647
HD 200411,0.5403064702349593
HD 200433,2.6445583303627154
HD 200540,4.053032302024459
HD 200545,6.124787386545543
HD 200877,10.16699670570099
HD 200885,1.3209406549980705
HD 200907,
HD 200916,5.172166827272232
HD 200973,3.3517784486983944
HD 201097,3.7353738322792727
HD 201169,5.714527511308761
HD 201203,
HD 201257,3.1323222256269827
HD 201293,2.634891224347589
HD 201456,2.68942536482161
HD 201470,5.838937032667315
HD 201477,4.0139743516060955
HD 201490,0.28413904245966237
HD 201545,5.3557776361834195
HD 201649,1.5950782275164321
HD 201721,
HD 201750,1.4866098790975089
HD 201817,1.2331560287083978
HD 201835,7.508964105040478
HD 201903,3.056393348731016
HD 201945,18.778603516240782
HD 201980,1.5910814468730892
HD 202070,3.6887549008155434
HD 202281,1.2769182158798371
HD 202370,
HD 202398,1.9737257731096325
HD 202429,5.269313411297411
HD 202482,2.2630820099873357
HD 202578,
HD 202595,4.206461091134039
HD 202669,
HD 202735,10.54227474845805
HD 202798,8.302484599067746
HD 202880,0.8742019413368161
HD 202945,4.893712901818062
HD 203236,6.074376242331479
HD 203238,2.4097853453042744
HD 203335,8.014278982630149
HD 203555,4.039897732454126
HD 203611,16.249354291850356
HD 203698,4.950991946251836
HD 203793,1.2195900016037502
HD 204093,3.688794220170981
HD 204121,1.711380475889057
HD 204234,100.0
HD 204306,3.5785327708246197
HD 204319,2.241852012049851
HD 204378,18.455913037829355
HD 204424,4.053053954552509
HD 204454,0.023034425340280548
HD 204577,
HD 204712,100.0
HD 204802,5.2571612601489495
HD 204813,0.9969183112078107
HD 204831,1.010837450328032
HD 204857,2.8222155626684065
HD 204889,2.57969953684043
HD 205136,5.681152069750698
HD 205202,2.409846227311387
HD 205294,5.939901132946584
HD 205420,4.197212898881889
HD 205437,2.866804508032404
HD 205527,
HD 205591,2.3393000174800593
HD 205677,5.077989531535241
HD 205700,4.2974615985974465
HD 205702,5.814372559731084
HD 205739,11.203290711975635
HD 205818,2.265653474447261
HD 205860,6.20027127838743
HD 205977,0.9754654796436047
HD 206137,2.994276470526297
HD 206303,6.205192243431157
HD 206395,7.554924232663733
HD 206404,4.78919911641679
HD 206427,3.0047230458866867
HD 206554,5.241746179578403
HD 206667,6.205193260275549
HD 206682,2.7034795788159385
HD 206707,2.4235728793629354
HD 206797,2.5906625040431206
HD 206893,
HD 206913,2.596125791019599
HD 206916,5.428235442690971
HD 207002,2.9944708849447053
HD 207150,3.2660850079524186
HD 207217,1.2742996060655791
HD 207611,2.384243933450901
HD 207692,2.5110892770933457
HD 207790,5.359630836127754
HD 207858,3.688806560006437
HD 207889,3.6639153506752895
HD 207893,8.999420763490905
HD 207926,7.578636850912475
HD 208101,5.055844842888699
HD 208258,7.142375330106029
HD 208477,7.10905347908518
HD 208483,2.557256796636786
HD 208703,2.1200520675296706
HD 208783,8.014354688667746
HD 208808,4.89917070319249
HD 208869,3.822148555653211
HD 208922,4.753868465720169
HD 209029,1.7897632469267497
HD 209080,100.0
HD 209203,7.1884298202104935
HD 209224,5.428273962194261
HD 209320,11.247398226504103
HD 209348,0.009223490026786175
HD 209407,1.4243516963745462
HD 209631,3.9976793611842236
HD 209635,6.224898932873141
HD 209712,1.70960759641102
HD 209875,8.843137931949379
HD 209919,2.1989888236440653
HD 210016,3.2055665977584398
HD 210172,100.0
HD 210239,4.6261257024809375
HD 210266,
HD 210303,2.0088388496692624
HD 210341,1.2925468278420555
HD 210385,0.2811796720895283
HD 210391,3.450734738834023
HD 210457,3.2946126959356
HD 210477,4.36116361043716
HD 210552,2.1595260725328873
HD 210636,4.55668940192232
HD 210640,3.8233675073314175
HD 210783,2.3470851538485253
HD 210944,4.586761705751179
HD 210947,3.938443750586801
HD 210972,5.408848067723514
HD 211152,4.742796118082586
HD 211341,2.0088204361683712
HD 211362,23.91252697154656
HD 211569,3.9181176930297963
HD 211625,1.6715857590652143
HD 211766,3.912812765311991
HD 211799,3.7279147246101085
HD 211849,9.193088506817396
HD 211878,4.824822689041336
HD 211889,1.3482163711963506
HD 211968,0.432145958630261
HD 211976,6.225247919405894
HD 212106,3.830673327557747
HD 212107,5.71502501110267
HD 212179,1.8738510998097289
HD 212265,4.361170782634622
HD 212270,8.343231043785371
HD 212301,8.503110749620301
HD 212408,7.1424617112090125
HD 212598,
HD 212695,1.5482277696410496
HD 212736,1.5421348711398173
HD 212810,2.2344104989786415
HD 212858,0.40449445698558606
HD 213169,2.2807074930286357
HD 213241,5.281612875144931
HD 213273,1.3104406815500544
HD 213355,12.234571430544202
HD 213565,0.0031842557678482867
HD 213722,4.586467081083311
HD 213791,0.9491231214421637
HD 213890,3.630798146581905
HD 213949,4.934516619362035
HD 214089,3.490885238915044
HD 214435,3.631034868082439
HD 214485,1.744086311395633
HD 214557,7.1884442935668575
HD 214568,5.281551759680995
HD 214576,7.163808962774338
HD 214729,4.30338389399486
HD 214751,4.30337572488486
HD 214764,0.9502818188838721
HD 214780,3.1767533176189278
HD 214852,2.2697438398041276
HD 215015,4.909517489721057
HD 215037,1.286069058958084
HD 215082,4.367988276833235
HD 215151,1.8738242949551056
HD 215247,6.224995836181523
HD 215257,4.730151832656059
HD 215283,2.8328306817808633
HD 215399,2.471975675063008
HD 215442,3.572019804218075
HD 215468,1.873861068250474
HD 215588,1.3101481227141347
HD 215619,1.7496076428959375
HD 215709,6.411991911190703
HD 215760,2.344744874981121
HD 215772,2.9333088905617943
HD 215778,5.714544785932398
HD 215906,8.503204605583555
HD 215925,4.5868813828725035
HD 215944,3.538909718965799
HD 216035,3.5841815663561527
HD 216036,5.240901860895393
HD 216130,3.432512450230069
HD 216240,5.4485488405735065
HD 216281,10.407919055625538
HD 216293,3.0709653952672555
HD 216357,4.106233108547518
HD 216384,2.3472128547551887
HD 216402,0.2462896038691095
HD 216419,0.8637314727667895
HD 216470,3.159439494519739
HD 216568,4.742623084827561
HD 216625,4.174737326290263
HD 216631,4.586843433364941
HD 216664,3.874043071602855
HD 216679,2.7662864485422993
HD 216872,11.247464714747906
HD 216924,2.880561199531766
HD 217123,0.0068180867918439265
HD 217155,2.1317286101725044
HD 217217,2.4223843804633742
HD 217247,1.4777614427889163
HD 217376,2.765127783097905
HD 217385,6.5159696762552795
HD 217511,5.281611276940399
HD 217516,4.665475331639746
HD 217523,4.917727447334956
HD 217538,0.002777810126722373
HD 217595,2.941397408667076
HD 217650,4.909624191803034
HD 217726,1.7782536146458305
HD 217754,0.6754265202269473
HD 217766,3.2883164798014093
HD 217767,5.714630027442933
HD 217786,19.804242225049396
HD 217844,2.2342626834457042
HD 217889,4.586497455520172
HD 217927,19.715077977732406
HD 218043,4.440462406570993
HD 218059,2.180775479561124
HD 218172,6.835481788360434
HD 218261,7.57917609834969
HD 218488,44.10469233529335
HD 218545,2.428903949493038
HD 218585,5.7785529428962725
HD 218637,19.715093027992868
HD 218805,5.44857477908179
HD 218815,5.489630056760905
HD 219172,6.835902395735186
HD 219221,2.308251037413571
HD 219306,3.374608653860847
HD 219342,0.07606715034960466
HD 219368,2.1287129062489765
HD 219457,6.125350475419481
HD 219476,3.938645622898726
HD 219487,1.7128168176223617
HD 219585,10.407711430165643
HD 219629,1.1383790017998334
HD 219853,1.7126672576126525
HD 219874,12.59236081449022
HD 219899,4.829897042308085
HD 219936,9.056283654508423
HD 219983,0.24551520203849297
HD 220099,5.006398978194542
HD 220121,3.4306640752288566
HD 220242,5.714691712108941
HD 220254,2.1990178086613414
HD 220255,3.451319516176719
HD 220373,2.9413727257461026
HD 220376,0.6543371059714503
HD 220426,5.196244056958975
HD 220498,4.724485329336511
HD 220526,9.056264533540155
HD 220818,0.011007486368811388
HD 220842,5.1201927358473425
HD 220894,5.622691106741447
HD 220996,4.909616485929043
HD 221070,3.727954592120513
HD 221075,12.592332057618707
HD 221156,3.767514351968698
HD 221247,1.9850827048548514
HD 221254,4.093840798485469
HD 221269,10.407827636579492
HD 221282,5.401134194309595
HD 221287,5.958941287615327
HD 221312,0.3967534122767433
HD 221318,1.770594495473631
HD 221322,2.616501273051447
HD 221356,3.198877994211474
HD 221477,6.408603095179307
HD 221488,2.4226440716961006
HD 221498,2.303018253829779
HD 221546,3.76758214907565
HD 221561,49.655758905566735
HD 221584,2.2960569414031284
HD 221600,49.655763694199074
HD 221638,8.014349922160067
HD 221644,
HD 221669,8.503216160385024
HD 221801,33.0280510852214
HD 221881,2.3884692884214918
HD 221970,2.2667155345809347
HD 221972,2.1319020164244353
HD 221980,100.0
HD 222081,2.1990056295480356
HD 222100,1.8425073428024563
HD 222111,3.318000862714099
HD 222192,0.37198687617993
HD 222249,3.07099691569246
HD 222412,3.088278502899355
HD 222428,3.8679563776111014
HD 222448,1.3584056995187181
HD 222550,3.9502931385959004
HD 222556,1.8846651270725092
HD 222690,2.30819788392382
HD 222723,1.19810983035394
HD 222737,4.6655325608955796
HD 222743,9.684780584676743
HD 222775,20.81644261813655
HD 222843,4.174538821982756
HD 222860,4.828256438728541
HD 222870,3.767611990146696
HD 222950,0.8865313548543469
HD 222991,2.0923821811116854
HD 223009,1.0929771448046972
HD 223018,2.0708496931549933
HD 223206,3.986848626087672
HD 223216,4.147541620415853
HD 223226,1.3354215653954753
HD 223271,2.197025265967013
HD 223289,2.593567621315964
HD 223346,4.142601552191451
HD 223408,3.874100549806231
HD 223436,
HD 223521,11.449808972406498
HD 223532,2.428911751966852
HD 223602,8.216297784834476
HD 223633,3.1594596190742092
HD 223694,0.49280161415379975
HD 223788,3.1784002347897418
HD 223867,4.573974571199251
HD 223914,3.0709342801684674
HD 224077,9.820235304062026
HD 224093,0.9298357361408831
HD 224173,3.0883219595750737
HD 224208,2.4747910912824707
HD 224347,7.225845299678437
HD 224360,0.9761785246320954
HD 224366,1.5495100934478347
HD 224369,3.388499022217576
HD 224414,3.3639249738837296
HD 224431,4.834003711162243
HD 224529,4.233122488865784
HD 224538,4.511813960076928
HD 224576,0.9526018915855633
HD 224601,2.635056734091069
HD 224645,4.440498215078585
HD 224743,4.311228191036231
HD 224763,3.159529119421653
HD 224771,0.49335415951029005
HD 224806,2.5478541466435294
HD 224842,6.125407891430943
HD 224999,4.8848037641459365
HD 225045,2.8927303216644984
HD 225233,3.6308207566884882
