vsini_esphs,distance_msc,spectraltype_esphs
80.025696,119.90352,B
64.65285,126.66972,B
92.28628,66.46481,O
86.16537,124.44925,B
226.4069,149.9156,B
97.103836,130.84012,O
71.41893,146.04659,B
198.72028,78.69371,O
145.33842,106.11255,O
54.383083,134.05945,B
51.890232,145.19986,B
115.78168,130.55646,A
0.64021516,148.61646,B
197.39731,62.12594,O
73.39881,110.2653,B
203.08101,128.7381,O
37.41925,125.08151,B
201.60289,132.57477,O
116.10841,50.321056,O
212.51683,127.2661,O
16.74621,111.84078,B
114.52499,130.22185,O
98.89136,128.73691,B
123.65305,100.265305,B
181.20418,136.03522,O
101.3939,133.62115,B
13.961131,122.346664,B
249.02263,143.11293,O
52.97018,110.76526,B
153.36092,147.74434,A
125.3948,107.18825,O
155.4283,127.409546,O
28.569803,124.23877,A
197.29572,90.4431,O
154.74947,72.47023,B
1.0514406,149.36023,O
144.55644,68.132706,A
9.806255,121.24776,A
83.62557,133.8623,A
178.68141,123.38103,A
94.0006,115.507614,B
66.082085,118.20264,B
207.88342,138.13458,O
94.71977,142.66595,B
147.46967,145.85413,B
95.54514,147.22305,O
87.72086,126.04497,B
1.491789,143.35275,B
60.088768,106.90007,A
65.2595,109.41943,B
188.29959,137.48676,O
360.2107,89.06334,B
113.13519,115.39781,O
0.44289887,145.53036,B
119.52231,142.81348,B
186.05478,138.51656,O
112.66996,140.83527,A
182.82916,110.61073,B
185.12012,146.59497,O
40.143707,122.431625,B
0.16746691,83.70712,O
117.1432,107.23622,O
151.96242,82.927086,O
71.14365,147.48337,B
64.30972,139.38841,B
34.62022,112.36549,B
205.49072,134.69778,B
97.109924,66.56983,B
81.81432,109.14073,O
82.98114,57.570843,O
184.4522,144.05223,O
228.1341,114.77107,A
73.67997,149.36642,A
2.02092,148.52736,B
0.5676649,138.79343,B
86.45341,101.66691,O
126.24961,137.85765,O
110.46208,139.43054,B
171.5784,131.94577,O
118.69086,144.21658,B
530.05396,138.93065,O
17.07846,125.180084,B
291.69412,128.13716,O
116.85875,144.4939,B
128.72137,141.3715,O
148.80998,104.62201,B
121.114944,140.27997,O
43.106113,133.86433,B
18.945507,103.5338,A
167.33618,131.41864,O
222.75569,121.53845,O
89.14603,116.40369,O
223.65657,149.63998,O
184.95078,133.45767,B
123.64248,114.49969,B
65.04942,124.57287,B
169.7458,95.22339,O
147.19762,113.5255,O
162.40628,112.10523,A
221.86818,134.76227,B
82.92336,143.8746,B
124.38127,131.59943,B
44.42076,135.8364,B
39.963657,138.08568,B
96.427536,145.51552,B
59.590786,140.10431,B
0.09158272,104.75784,O
44.50276,141.63232,B
16.36825,149.3941,B
39.9527,69.404785,A
19.545685,124.02761,B
154.87878,139.11932,B
104.6324,144.84851,B
14.429319,94.60042,B
12.170726,108.33629,B
89.15981,51.280243,O
93.21389,73.726944,B
72.819824,147.39026,O
121.39535,108.10892,O
30.953827,112.21657,B
164.95683,128.9066,B
83.7856,144.43327,A
194.59358,144.51938,O
230.1521,143.75937,B
1.9211768,89.76938,B
78.56112,79.830154,B
137.2945,73.93446,O
92.38544,80.91899,B
34.84035,146.91568,B
127.251015,97.372574,O
44.292007,132.76776,B
18.25385,149.79466,B
104.528145,141.06998,B
111.224365,138.12848,O
74.837906,112.35112,B
130.93329,107.445564,B
153.13972,142.22534,O
323.75467,90.86502,O
116.44984,143.98193,O
22.255854,109.434784,A
0.3763933,127.23047,B
222.25706,108.87247,B
196.58443,143.30936,B
147.47832,113.68525,O
150.85596,117.6305,O
83.794174,116.99979,B
4.498071,147.69812,B
149.05211,113.26128,B
113.11147,144.07703,A
170.37932,135.21596,O
62.98641,131.31207,B
44.23918,145.59077,B
114.648415,109.483,O
107.16365,110.230865,B
58.139114,129.65059,B
106.97763,115.28475,B
7.2860923,142.67873,B
74.682755,142.78473,O
2.4378996,131.54324,O
4.1959233,76.79104,O
63.253864,98.76929,B
347.76364,134.90747,B
39.753536,98.60959,A
90.42411,146.28014,B
58.287395,118.279305,B
108.88289,146.30582,O
108.67918,136.69212,A
144.70708,143.82169,B
249.64041,130.57362,B
71.055534,88.973595,B
121.17324,135.53531,O
94.25384,138.62845,A
67.235825,149.37155,B
192.0456,148.27359,A
100.73509,144.82109,B
75.57341,138.08969,O
84.62571,141.00958,B
139.81783,105.98967,B
77.8492,104.69403,A
63.611507,141.77847,B
103.91371,81.10168,B
46.889366,101.459854,B
98.77448,131.27101,B
81.77589,138.30084,B
219.67375,130.2412,A
10.44518,118.74562,B
77.139565,141.73685,A
1.1935422,139.24168,A
66.47537,132.12259,B
168.17569,140.25314,O
68.93271,139.54593,B
51.23372,120.216156,O
122.93949,143.10464,A
94.93544,140.16524,B
41.878983,43.003895,B
38.84389,96.346695,B
55.95834,143.34059,B
96.70761,108.54649,O
1.6762736,79.953476,O
100.72562,110.50188,O
97.61102,67.09891,B
105.57851,117.99009,O
149.01514,141.04105,O
64.74204,114.39221,O
120.32461,108.71222,O
134.54446,102.23662,B
115.61618,114.51964,B
107.76783,143.57715,B
211.64879,124.18762,O
37.37497,124.95996,B
199.92279,83.4285,O
202.97987,140.89417,O
33.458157,131.93974,B
150.37378,72.72284,O
82.37891,57.838684,O
74.92898,128.6003,B
6.870014,129.6645,O
98.902435,104.96681,B
136.65617,95.39203,O
141.16684,129.5363,O
182.39124,136.48123,O
85.078094,89.998474,B
61.689976,102.958015,B
91.37269,136.80042,B
90.876595,146.03348,O
136.88707,137.11658,B
91.04962,94.41896,A
8.579495,143.02148,B
82.89927,130.29636,B
189.58688,74.25537,B
4.1002192,139.61258,B
35.987793,147.48016,B
31.345352,132.49358,B
32.167694,98.65852,A
114.40377,146.59674,B
128.93059,136.84624,A
151.1042,147.54956,B
368.95355,75.8603,O
167.23587,104.52963,B
77.71063,105.91577,O
64.98369,143.94626,B
215.55388,145.3378,O
227.50777,140.23917,O
95.52393,115.053,B
209.71408,149.97523,O
64.67315,113.305305,B
47.96027,121.42714,B
44.778824,146.66441,B
23.087364,149.49469,B
232.41121,142.02084,O
12.269155,136.21457,B
2.9131079,75.14223,O
16.537117,87.86203,O
64.57813,100.13841,B
0.62074286,127.86163,O
82.13622,98.73376,O
129.93896,69.57768,O
190.88438,115.10989,O
6.102495,123.918816,B
139.42125,149.21881,B
205.78403,102.32039,O
130.61237,113.237465,O
111.758385,98.76895,O
7.836511,138.39151,A
84.50365,124.71485,B
183.67377,144.57153,O
133.47636,99.30492,O
100.64556,130.01416,B
347.90384,142.6108,O
463.037,133.69872,B
42.441166,137.35689,A
141.82507,139.03076,B
142.14148,143.32877,O
175.85316,130.08255,O
153.01828,147.09297,B
4.453565,131.04971,B
3.331154,107.54319,B
0.23198886,120.663895,B
161.12193,145.48044,B
54.50771,107.65428,O
136.52463,125.28229,B
93.45099,125.05937,B
236.70941,110.903435,O
1.619799,148.23195,B
36.995834,111.64604,B
4.6371036,122.08382,B
84.861,137.94066,B
213.1565,133.87657,O
95.895744,133.19798,B
39.35874,114.59149,B
203.23543,134.57764,O
68.718895,125.1302,B
123.65968,146.55487,A
53.53232,125.13292,O
68.44719,87.85482,B
27.70223,136.86137,B
42.12241,141.96948,B
32.27614,145.49509,A
57.04298,122.560875,B
115.24928,134.6549,B
113.73138,114.81021,O
37.69018,118.0238,O
93.3872,121.6103,B
169.84798,87.313126,O
4.2279816,91.705475,O
88.15307,145.38754,B
361.6695,144.17819,B
4.4428973,123.87971,O
196.18109,134.13582,B
7.678448,98.152985,O
160.4673,113.27989,O
8.805692,130.53177,O
67.90989,146.73564,B
79.731674,93.352585,B
159.67932,108.497314,A
145.17996,105.917755,B
0.9416938,126.27907,B
48.04228,123.8977,B
7.2338314,143.30075,B
275.2296,109.80141,B
71.74256,142.686,O
82.442665,125.26726,B
145.1457,92.41245,O
86.44904,95.75457,B
63.33573,68.36087,O
31.7938,149.79015,B
62.572277,127.09654,B
90.99532,140.10858,B
0.58712894,123.07036,O
139.29236,120.53525,B
89.072365,122.93659,B
134.24904,84.53235,B
200.80356,34.323975,O
0.8293938,142.43533,B
128.22849,131.67682,A
186.2414,134.6009,A
163.93234,111.627594,O
114.84876,140.57321,B
112.694565,103.62301,B
80.34023,114.037476,O
243.01111,123.93025,B
78.8652,104.036606,O
87.38043,145.69177,B
49.95944,113.73207,B
84.400276,113.52182,B
10.829118,123.51803,B
260.0508,146.20209,O
73.917274,148.34357,A
198.2957,145.88304,A
140.55292,119.308624,A
169.86484,135.26544,A
40.11872,112.42627,B
2.8160954,128.98203,O
58.62178,148.16635,B
120.15152,133.46306,B
29.894777,143.55205,B
146.1413,108.2713,O
120.137215,139.88165,O
73.23234,74.45539,B
77.53779,88.33975,B
139.22392,110.300674,O
124.78109,127.00475,O
96.042114,134.595,B
25.87479,146.10962,O
100.227646,111.90057,B
74.74345,138.03676,B
103.55407,145.42914,B
28.230995,111.33002,B
214.45714,143.0179,O
134.30766,85.82681,B
4.152606,87.30411,B
81.00652,96.27864,B
173.6266,144.52719,B
95.01474,148.3448,O
192.16956,116.34538,O
167.04623,85.467445,O
91.13648,81.72844,O
222.84111,112.609726,O
186.4319,68.56481,O
158.55397,132.20612,O
68.28186,104.57337,O
206.29088,92.22363,O
220.1078,128.09879,O
145.77097,138.37108,O
127.0261,69.56207,O
72.7608,90.050934,B
109.452805,109.66991,O
536.6174,114.22132,O
1.2961328,137.64917,O
246.10518,136.0029,O
161.44345,62.182175,B
64.94476,140.11157,B
247.9431,132.97339,O
21.49117,130.54732,B
92.129234,137.1988,B
143.07799,101.97325,O
158.90155,120.4854,O
133.80597,132.41412,B
188.03378,101.22453,B
312.78464,138.97737,B
46.116886,106.09213,B
149.20801,111.75774,O
170.98286,57.42651,A
143.01382,43.463036,B
1.3130084,121.36487,B
108.99119,55.520897,O
267.61035,131.89423,O
295.68463,107.7351,O
47.04032,104.73705,A
190.84386,122.265884,O
4.4625525,113.79736,A
207.99277,101.768005,O
272.8779,128.20865,O
191.3794,120.54791,O
308.12802,148.49393,B
244.9895,146.65527,A
100.04695,63.0066,B
140.02582,114.19936,A
81.45198,70.62917,B
23.230974,139.18057,B
84.263084,130.44527,B
44.727734,109.98097,B
139.87988,121.516495,B
218.63919,136.20781,O
73.07071,110.375046,B
145.6345,136.0192,O
95.0282,90.34854,B
110.17711,119.94084,O
56.736088,139.80615,B
121.31906,132.24066,O
64.63726,102.09419,B
135.90346,75.57985,O
122.27792,147.53474,B
158.42566,145.26505,O
81.80574,145.52202,O
19.812218,102.24282,B
9.052506,127.12766,B
84.54971,147.09952,B
20.846577,143.69254,B
66.00679,121.472916,B
28.848448,128.95663,A
23.080297,126.36363,B
113.49181,136.62221,B
60.034405,143.04395,B
78.78186,115.72745,A
159.36401,91.86906,O
56.505096,114.98775,B
153.64322,125.67665,O
115.432846,100.77828,B
93.97574,82.29314,B
29.259014,146.25287,B
88.71862,123.29984,B
189.20473,124.65346,O
49.634426,144.62135,B
122.222916,93.93954,A
238.247,128.14102,O
183.90111,111.45938,B
159.36282,99.36875,O
85.4463,149.10413,B
77.78216,83.34375,O
31.019503,120.5878,B
107.33094,108.28363,B
28.979258,127.41189,B
150.43706,92.21364,O
16.045202,77.036026,O
365.30658,113.03899,O
123.417465,131.52525,A
151.07996,119.23715,O
39.77208,138.7577,B
9.698712,139.87663,A
306.92554,144.71078,O
20.21207,149.25479,A
267.65042,133.21788,O
427.37408,136.90207,O
199.42752,144.39911,O
120.94002,143.23975,B
81.24991,123.883316,B
169.2183,144.8565,B
243.8877,111.93071,B
115.62557,101.74419,O
74.59476,129.85468,O
62.85887,100.570526,B
61.907642,132.70807,B
124.24571,125.70767,B
195.14978,113.32176,O
64.21501,91.006386,B
92.28341,118.41977,B
130.30049,108.50131,B
125.795975,136.93033,B
232.14037,121.19615,O
164.16255,101.42441,B
21.864508,120.94777,B
106.73132,124.75258,O
151.94763,96.2184,B
89.07214,140.05063,B
99.69361,149.06592,B
145.11652,143.84882,B
32.47978,91.03445,O
70.0822,130.27377,B
84.02081,145.35135,B
195.97534,124.522446,O
115.275406,125.247665,B
121.74443,106.43354,B
192.75543,86.403946,O
67.86956,93.36834,B
0.34274927,101.08647,B
95.90484,137.58203,A
120.978096,145.3681,A
23.059704,123.7025,B
108.330055,134.61096,O
183.97816,140.99254,O
188.14893,106.83453,B
146.15935,57.855286,B
187.73007,101.67706,B
17.32557,101.67255,B
3.8980198,125.65509,B
127.24142,146.1636,B
116.5335,132.72977,B
70.36794,131.00821,A
49.615547,129.4053,B
215.97452,136.82083,A
172.92035,132.57315,B
49.95428,131.6,B
74.59192,137.77136,B
67.98163,105.63223,B
143.93275,129.75398,B
62.76618,99.03764,B
127.40475,121.018135,O
77.520805,93.67166,B
72.02003,125.01956,B
113.83519,72.562485,O
85.14299,121.12747,B
60.98863,102.30132,B
271.467,106.71985,B
342.91983,88.92038,O
111.347206,38.262207,O
200.26112,104.65521,B
103.77483,148.31436,O
131.27473,140.26544,O
78.22164,147.57832,A
108.687546,147.28937,B
160.6431,134.55087,A
220.39955,98.998535,A
94.13516,120.86224,B
6.1159506,146.66832,B
108.465096,99.717125,B
15.433001,120.82672,B
114.778,148.14429,B
2.7799506,139.52388,B
98.54123,107.33917,O
1.8472717,135.70645,B
160.5463,129.94844,A
85.025185,82.06739,B
20.235376,111.125916,O
57.437607,89.66289,O
124.80794,81.83775,O
0.049561147,115.026794,O
48.502136,130.07016,O
95.29936,83.28291,B
272.39066,127.295685,O
117.3706,126.79338,O
138.88501,65.319916,B
219.91252,116.922646,B
61.742626,141.50293,B
25.030096,125.07938,B
115.589035,142.9688,B
263.2557,144.31169,B
15.729977,90.22195,B
197.07921,80.8366,B
216.73515,118.344315,B
65.60698,59.416718,A
180.6616,90.34455,B
175.27045,110.68068,B
56.333324,138.58832,B
90.00997,70.07733,O
105.91665,97.743805,O
270.73398,129.8169,A
103.22901,73.44757,B
435.52936,127.78487,O
78.63266,137.4751,A
97.24839,105.78276,B
139.22124,100.06922,B
156.49442,89.49596,B
183.1346,58.29593,B
119.39073,145.47186,B
227.98679,125.9353,B
2.9802148,115.43266,O
105.328804,142.83633,B
165.9721,129.27429,B
75.40374,100.999054,B
190.51305,80.58856,B
327.53012,129.7579,B
178.91725,108.8396,A
193.23288,135.40689,A
111.824425,130.11905,A
267.04108,125.52864,A
75.18759,137.82883,B
169.53864,140.46962,O
116.13291,64.91923,B
111.79073,125.041,O
212.39073,122.05338,B
220.82025,142.9704,O
74.09972,103.18888,B
87.09401,99.338005,B
58.31042,117.56564,B
205.53064,106.454475,O
58.608116,127.39317,B
90.69041,144.28615,B
146.88753,103.89783,B
47.939682,148.177,B
67.53576,107.31641,B
39.90181,123.47691,B
100.87155,66.77414,O
105.11363,119.189804,B
233.18065,149.62581,B
156.82066,89.84789,O
47.494877,146.97057,A
71.13734,126.69905,B
94.80737,138.60779,B
124.34606,148.93115,B
136.49628,106.3958,O
54.07443,142.24149,A
129.94571,99.3123,O
7.382553,142.68065,B
94.48755,103.44244,B
198.12555,119.16962,B
135.12526,135.16823,A
59.00083,114.25925,B
106.17034,125.28119,A
2.8749895,147.60417,B
101.74282,144.61087,A
67.86614,149.30748,A
34.03159,119.80611,B
138.89212,98.484726,B
197.76657,117.57839,O
170.89117,132.49557,O
69.69469,131.86002,B
0.54780257,140.07059,B
139.52164,105.17339,O
137.0508,94.35338,O
112.8164,119.94364,B
344.92627,146.18604,O
2.76538,95.42939,O
86.154976,144.58913,B
0.14208338,110.745346,O
118.87431,145.07611,B
9.767127,140.83311,B
60.367863,67.78439,O
50.074028,118.65388,B
173.8876,146.90439,B
265.82364,100.92174,B
51.571728,107.24255,B
83.217766,149.35364,B
119.84576,130.43954,B
82.111084,107.62311,B
102.29017,119.6324,B
23.160015,130.83311,B
227.22527,133.30637,O
92.86618,100.77723,B
108.67193,61.38149,B
177.6898,120.46698,O
134.30318,134.04874,B
61.026814,147.40858,A
168.89113,64.9955,B
123.35998,100.90583,B
186.27162,135.62543,B
31.336958,119.37038,A
37.70231,139.93535,B
84.65319,142.73685,B
131.48209,91.05962,O
10.886164,140.57779,B
52.197994,115.57663,B
164.67287,146.41711,A
260.1649,149.45966,O
112.72637,97.35821,O
233.97543,19.766823,B
222.85205,135.55896,A
66.5027,128.40302,A
2.8586018,145.0578,B
115.29677,143.62015,A
114.81833,134.30083,A
1.1174428,130.36942,B
1.4447516,129.53058,B
149.73038,95.894646,A
42.76949,97.947426,B
0.43023205,120.64421,B
144.88608,147.75134,A
105.69972,106.594894,B
104.71081,54.667835,O
165.12482,122.821335,B
93.03731,148.94714,O
1.5463262,111.43265,O
65.02591,139.60625,O
155.68143,92.05798,O
407.05054,137.7995,B
161.31361,123.32489,B
128.86792,127.97215,B
88.50756,114.85251,B
217.29706,124.567184,B
351.47556,64.873375,O
312.54218,113.61191,O
213.14565,139.85919,O
159.96086,109.14853,B
230.65076,75.81746,B
79.81407,148.37646,B
23.593544,108.03555,B
81.823715,77.97781,B
114.26107,135.39723,B
59.654434,132.16682,B
164.64323,104.1541,O
116.432106,73.456955,O
4.762672,127.474365,B
120.021965,148.14877,B
132.76773,137.18283,O
2.9328883,144.47725,B
20.844707,130.55534,B
56.32255,129.68573,B
68.2066,137.93988,B
71.94711,93.72702,B
2.94521,106.21807,B
82.84659,146.36206,A
63.127224,146.65105,B
152.77396,147.84036,A
208.44664,142.31606,A
72.325554,148.03748,B
6.5167766,138.96574,B
128.883,103.73872,B
108.07783,127.459915,B
96.776566,145.29572,B
86.17667,118.493614,B
122.165054,124.529144,O
91.99043,131.18063,B
93.74172,100.224625,B
144.29523,114.13249,O
34.868618,149.24414,B
234.51305,119.78929,B
153.63884,115.55966,A
82.37533,106.67563,B
7.160118,128.27835,B
32.214775,141.61436,B
184.88176,146.67358,O
1.9989243,145.13556,O
64.89846,144.82382,B
107.23043,77.95108,O
82.32828,135.8255,B
30.727402,119.701614,B
81.1619,142.49225,B
126.40148,114.45625,B
115.57082,57.667145,B
124.92758,147.08966,B
100.06303,85.82095,B
52.200077,130.12408,A
63.82358,107.348465,B
239.7491,149.71497,A
22.573332,111.19674,B
121.09419,134.70192,B
97.863556,105.98575,O
94.851135,144.96065,O
27.884367,142.67538,B
0.6012285,97.094604,O
4.822976,133.717,B
80.7583,125.56076,B
188.92303,128.224,A
7.660976,126.781105,B
75.5634,126.82454,A
269.01273,147.54385,A
102.147995,105.906555,O
80.59479,119.9362,O
30.79936,125.28432,B
141.13516,125.110016,O
41.97894,128.25873,A
226.31334,139.39821,A
74.10388,147.48422,B
152.22708,143.13245,O
7.582083,136.41711,O
60.140587,114.55271,B
10.741374,148.71063,B
201.26877,109.622986,O
105.78459,77.15279,O
82.70257,141.47244,B
149.7368,116.45031,O
281.72107,147.01535,B
2.7830708,139.05316,O
143.28539,137.32921,O
53.25459,135.02457,B
2.45139,146.40268,B
146.43437,75.14557,B
144.5514,92.6766,B
94.13741,60.699905,O
48.497894,127.07666,A
150.03612,145.96188,A
125.588684,140.50021,B
202.00626,128.01685,A
52.975178,134.11578,A
54.22425,135.08026,B
82.83581,135.89877,B
136.36316,135.63113,A
120.933754,83.29657,O
102.44566,104.93033,O
53.429684,119.71534,O
203.09682,148.36649,O
133.69327,64.478714,O
157.23232,138.75046,O
65.87259,128.80292,B
183.7712,125.59317,O
150.03862,73.07854,O
180.70775,136.20291,O
136.5816,125.00713,O
71.58139,141.37173,B
86.256294,145.33395,B
109.69031,116.51317,B
120.34981,134.58026,B
42.30764,136.27399,B
155.72783,93.300735,O
56.150707,127.985054,B
36.941906,103.573616,B
64.55306,129.84038,B
42.039307,121.92583,A
249.94614,136.81119,B
162.52095,111.3769,A
94.81688,146.34576,B
274.08893,133.24359,O
55.98112,137.63922,B
193.02203,145.42188,B
30.703653,121.917725,B
120.855095,136.72531,B
129.2183,115.09213,B
288.79333,125.551186,B
308.2304,112.0825,O
83.204185,147.39828,B
194.57271,142.78418,O
118.77288,65.38985,B
5.652964,140.81757,B
112.42141,118.19755,B
52.563595,100.63655,B
170.06581,136.92789,B
97.80939,144.95432,O
87.33844,82.61301,B
230.95586,109.64432,O
117.94482,121.51294,O
198.13347,85.980255,O
147.73386,86.266624,O
162.19745,134.06061,O
183.43344,136.99995,O
101.30231,124.61804,B
136.69061,100.80091,B
95.770256,139.68576,B
293.71313,134.48605,O
528.1444,105.18965,O
70.40257,90.41818,O
226.33353,126.04919,O
58.919373,145.04422,B
135.87961,115.403984,B
22.164274,124.77324,B
0.7913645,88.347916,O
218.67874,113.667496,O
64.41171,114.5043,O
56.827988,128.26233,B
103.23368,118.46165,B
71.33355,112.67639,B
16.67936,132.66183,B
158.01848,108.05866,B
60.78968,129.6698,B
65.57515,149.10947,A
130.37875,137.50925,B
74.72525,113.70929,B
66.61847,132.69275,O
55.860462,81.697495,O
21.684433,110.45857,B
193.9736,86.10632,O
67.15856,126.83766,A
60.723404,104.89751,B
92.06758,137.71907,A
1.9288602,120.844666,A
147.59683,129.9487,B
167.67662,116.05482,B
75.95595,144.04913,B
26.32804,143.09247,B
75.91016,109.86605,B
162.99101,126.96492,O
142.06378,130.34888,O
127.74327,136.73476,O
109.36378,144.83278,B
136.51317,145.07251,A
175.6208,93.05649,A
136.4977,143.64017,A
163.31114,105.00427,A
276.66132,105.10015,B
120.158165,133.85886,A
304.79694,133.01845,A
143.01923,114.7176,A
90.75738,148.41777,B
53.132984,146.98419,B
69.10428,62.86473,B
54.708355,146.90253,B
72.49934,141.4769,B
146.00279,103.598434,O
132.65048,100.16318,O
167.46712,133.63898,O
114.976234,87.173935,O
149.64153,130.48755,B
108.87505,109.41938,B
126.74455,137.83484,A
372.2818,149.3135,O
104.511154,123.71531,O
240.55798,136.64204,O
90.48403,106.061554,B
96.45337,131.13281,A
207.98837,144.4253,B
107.19792,110.27544,B
40.75909,125.96045,B
234.64516,133.16312,A
102.38196,83.21769,O
60.086758,148.73828,B
1.2980815,125.76993,B
34.70512,128.11383,B
95.90972,128.0351,B
86.9923,146.15944,A
70.45,149.68294,B
91.895836,120.63643,B
16.849424,104.89,A
105.455574,137.4878,B
126.11677,117.15961,B
39.75892,143.19891,B
34.28555,143.59267,B
2.291706,149.99805,B
1.8547068,144.40799,B
267.8327,117.850815,B
224.49925,132.70284,B
118.68719,108.81791,A
245.2154,143.74924,A
235.51338,111.160995,B
71.107285,129.17949,A
241.69652,87.16492,A
150.47534,140.45042,A
222.87598,106.7106,A
145.63196,125.37097,B
2.6920989,96.84707,B
123.37903,109.436844,B
180.88426,130.85248,O
107.9679,117.84108,B
173.43976,87.846954,O
79.21136,148.68448,O
62.795753,106.66904,O
147.39514,125.02093,B
171.54733,142.97058,B
178.10094,124.90242,B
126.344376,117.18019,B
76.64318,129.80852,B
55.349403,125.83789,B
24.757578,132.08131,B
140.76408,143.97862,B
100.89815,82.83058,O
10.756553,121.31034,O
188.59828,93.009476,O
74.36157,137.9849,B
289.57904,119.96652,O
123.74563,118.892204,B
184.97818,115.66997,B
154.95782,105.52179,B
99.10982,141.2302,B
166.89653,95.10173,O
172.95319,141.75229,B
114.12717,120.42998,B
14.334912,100.05505,O
80.48097,131.12012,B
1.8570803,139.12566,B
3.5865176,136.52736,B
62.13752,88.83345,B
405.80713,146.16635,O
195.90633,128.03726,B
88.05088,74.544754,O
35.095436,75.85787,O
9.690619,114.37695,O
1.8493252,145.76472,B
482.2193,113.65292,O
143.75488,128.67865,B
150.76552,99.1788,B
9.746894,122.4527,B
341.50397,95.86824,B
213.73576,117.90677,O
96.02673,77.63013,B
0.92843646,115.099365,O
59.99798,132.64542,B
70.22886,96.631134,B
126.62048,145.84654,A
22.122849,112.0916,B
278.7447,123.84098,A
211.28476,89.353134,A
2.977995,142.86029,O
49.047276,118.633255,B
26.653309,133.18906,B
46.46763,124.3176,B
170.33804,109.10904,O
114.83875,116.59357,O
126.56826,71.31596,O
113.36086,101.61223,B
122.10796,114.413445,O
39.46678,96.57065,B
82.33329,89.34346,B
191.30434,145.69955,O
3.0245547,84.03093,B
122.35154,146.37755,O
77.19305,95.037766,B
9.902141,148.19131,B
63.742603,103.626564,B
174.37299,111.09834,A
62.365574,97.93084,B
64.62526,100.26994,A
80.967316,88.56496,B
287.22244,142.22316,B
305.79822,111.55078,A
26.058792,136.19125,B
57.490158,124.245834,O
14.799069,141.55347,B
54.10255,114.65961,B
170.83505,87.73555,A
148.97803,138.09625,B
95.16548,83.462776,O
109.35809,78.24959,O
129.93832,103.09024,O
66.90101,114.25075,B
69.37072,112.46741,B
61.053032,115.77155,B
53.16878,147.39069,B
105.23714,148.43378,B
139.75764,112.88394,B
81.53005,139.97672,B
227.62267,135.44302,B
141.6574,134.0154,B
84.35045,137.06602,A
50.587177,148.7721,B
108.58208,131.31772,B
329.82584,144.40613,B
99.490234,137.64134,O
63.897095,132.59158,B
164.4009,111.56624,O
100.08207,99.84886,O
4.125107,132.48767,B
51.428764,113.1313,B
87.67304,109.565674,B
61.747276,137.16364,B
90.20198,147.36313,B
126.321335,109.46951,B
98.13927,106.12839,B
61.917667,147.24112,B
1.5347188,144.81613,O
161.04884,86.93318,O
1.8098507,125.02261,B
55.57213,119.58728,B
119.5524,136.67494,B
91.34921,133.05711,B
285.96774,121.40935,A
61.113903,138.59573,B
62.008175,135.52373,A
277.27042,120.63603,A
86.888565,64.876236,O
130.1839,139.20474,B
125.6442,119.23251,B
142.45442,108.52731,B
84.51138,101.023575,B
126.420074,82.75643,O
70.096855,140.0037,B
2.469362,139.3942,B
30.546122,104.27553,B
142.72443,137.26099,B
89.109604,113.89702,A
94.41997,146.45358,B
28.654518,88.52793,A
0.79389966,87.15622,B
66.38124,111.596436,B
117.346664,148.26523,O
332.51035,132.03915,A
221.6317,141.30576,B
130.12169,134.97876,O
56.01451,130.97897,A
149.14426,124.54254,A
77.11359,137.85617,B
73.37843,126.42203,B
181.56604,140.28532,B
80.88604,147.85225,B
249.23769,122.79723,B
96.848465,118.32857,B
303.1394,142.5755,B
30.024199,59.81777,O
99.30649,134.42242,A
220.04256,144.36804,B
60.37429,124.50847,B
186.20721,112.782585,B
179.38274,144.58357,O
231.84663,141.68988,A
176.02599,126.806854,O
224.8939,122.80408,O
41.734238,123.14108,B
131.9766,140.3039,B
221.44089,140.44348,B
56.53025,127.14096,B
118.149826,106.06027,B
45.400295,72.80203,O
1.0141569,149.17647,B
27.9194,115.63791,B
55.488476,120.12964,B
138.7007,142.75653,O
236.96576,140.40405,O
1.0472913,124.28426,B
56.181614,142.48077,B
188.54756,148.31131,B
175.41699,132.9373,B
111.40815,112.65477,O
184.22006,102.27492,O
117.07296,79.53225,B
57.29019,144.07593,B
67.60767,146.11095,B
176.47041,147.749,O
160.0268,99.14478,O
227.99564,136.69852,B
93.15637,109.30791,O
65.03027,110.61191,B
77.87873,108.42503,A
185.69638,111.81239,B
69.70641,138.02716,B
128.02753,137.0177,B
82.42221,118.370605,B
114.98634,137.43419,B
194.38194,120.70767,O
15.370641,107.020294,O
166.1807,139.67957,B
56.244907,78.59895,B
69.426056,127.373245,B
160.77116,98.13679,B
89.53055,99.30728,B
165.00595,92.40683,B
43.56148,79.36659,B
127.42739,137.61194,B
168.8033,141.20023,O
0.08960594,142.56519,O
93.290245,112.131516,B
88.26877,118.37509,B
171.4598,88.85886,O
96.3798,138.68018,B
10.789867,132.68616,B
44.122707,140.86226,B
80.48992,140.86856,B
0.1231766,115.49858,B
136.69283,139.11938,O
85.952065,135.35625,B
277.4777,102.93515,B
330.91037,121.40988,B
87.35936,116.52955,A
5.924523,145.58835,A
216.02237,132.83972,A
89.09261,141.40494,O
74.1257,147.17896,B
338.0357,127.98839,B
0.9095895,95.2852,O
112.4568,134.58034,A
156.50476,101.49857,O
74.25093,110.83846,B
170.26546,137.77866,O
137.40697,131.49146,B
135.87799,106.82988,B
142.6218,124.44508,B
137.87372,95.55104,O
93.44045,48.44291,B
65.82181,140.71352,B
29.519337,122.11194,B
25.561766,138.50343,B
155.33023,142.29855,B
30.305754,143.42744,B
11.020587,145.75772,B
163.82144,82.89783,O
101.72441,145.64993,O
65.417885,79.13929,B
166.58853,54.903503,O
393.40765,113.45805,O
39.928192,147.3411,B
101.70903,138.08469,O
40.43851,138.603,B
94.5289,143.03293,A
114.52794,137.44382,B
186.66649,145.82626,O
4.9908085,130.69984,B
59.029057,130.0091,B
116.35565,139.12848,B
168.27682,142.1175,O
49.74735,119.54068,B
167.5367,136.82388,O
49.4025,103.115005,A
17.830256,86.74254,A
94.23285,102.65592,O
205.33662,140.58774,B
178.12492,107.59836,O
194.51117,82.00836,O
92.57547,125.612915,B
60.528465,106.15315,O
170.25328,107.7377,O
131.79889,121.240234,O
127.09894,102.80385,B
183.79944,116.1348,B
143.01126,92.87414,A
224.94875,65.246506,O
136.48962,147.08134,B
22.15914,141.69348,B
199.39465,137.85274,B
69.07306,109.24696,B
92.59408,84.288284,A
114.9082,127.5298,A
40.840866,133.06763,B
59.263943,146.60902,B
209.14514,139.72989,A
109.82454,134.34357,B
85.2797,133.03871,B
54.773407,97.2856,B
64.131874,132.00787,B
27.282255,140.54826,B
116.37415,121.163055,O
9.453459,142.24002,B
217.9649,99.93421,A
134.69197,106.769226,B
88.64335,139.92236,A
82.616974,129.68951,B
86.4992,139.52357,A
112.18474,44.604683,O
13.847467,142.98737,B
115.64367,116.48941,O
229.84993,134.16347,O
69.49019,106.03459,O
103.68204,51.033512,O
96.69711,145.28833,B
153.67625,128.718,O
172.39047,123.975784,O
113.13184,147.19504,B
271.17972,111.09758,A
56.098923,129.874,B
1.6392907,113.25978,B
241.1357,71.675644,O
133.46933,118.9695,O
2.735988,120.76839,B
1.482784,113.24773,B
73.69476,144.51111,B
36.099873,85.75673,B
143.33543,94.7413,O
207.40152,128.14029,A
